Yıl,Tarih,USD ALIŞ,USD SATIŞ,EUR ALIŞ,EUR SATIŞ,GBP ALIŞ,GBP SATIŞ
2018,2018-01-02,3.7719,3.7787,4.5155,4.5237,5.0803,5.1068
2018,2018-01-03,3.7652,3.7719,4.5375,4.5457,5.091,5.1175
2018,2018-01-04,3.7617,3.7685,4.5267,4.5349,5.1014,5.128
2018,2018-01-05,3.76,3.7668,4.5269,4.5351,5.0818,5.1083
2018,2018-01-06,,,,,,
2018,2018-01-07,,,,,,
2018,2018-01-08,3.7456,3.7523,4.5144,4.5226,5.0647,5.0911
2018,2018-01-09,3.7454,3.7521,4.493,4.5011,5.0628,5.0892
2018,2018-01-10,3.7554,3.7621,4.484,4.4921,5.0754,5.1019
2018,2018-01-11,3.7844,3.7912,4.5255,4.5337,5.1085,5.1352
2018,2018-01-12,3.7919,3.7988,4.5287,4.5369,5.1038,5.1304
2018,2018-01-13,,,,,,
2018,2018-01-14,,,,,,
2018,2018-01-15,3.7622,3.769,4.5517,4.5599,5.1046,5.1312
2018,2018-01-16,3.7593,3.7661,4.6015,4.6098,5.1663,5.1932
2018,2018-01-17,3.815,3.8219,4.6679,4.6763,5.2443,5.2717
2018,2018-01-18,3.8143,3.8212,4.6624,4.6708,5.2473,5.2746
2018,2018-01-19,3.7967,3.8036,4.6385,4.6469,5.2487,5.276
2018,2018-01-20,,,,,,
2018,2018-01-21,,,,,,
2018,2018-01-22,3.7777,3.7845,4.6367,4.645,5.246,5.2733
2018,2018-01-23,3.8098,3.8167,4.6647,4.6731,5.2838,5.3113
2018,2018-01-24,3.7874,3.7942,4.6369,4.6453,5.276,5.3035
2018,2018-01-25,3.7558,3.7625,4.6307,4.639,5.2786,5.3062
2018,2018-01-26,3.7421,3.7489,4.6465,4.6548,5.3299,5.3577
2018,2018-01-27,,,,,,
2018,2018-01-28,,,,,,
2018,2018-01-29,3.7371,3.7438,4.6557,4.664,5.3132,5.3409
2018,2018-01-30,3.7728,3.7796,4.6804,4.6888,5.3134,5.3411
2018,2018-01-31,3.7795,3.7863,4.6824,4.6908,5.3025,5.3301
2018,2018-02-01,3.754,3.7608,4.6728,4.6812,5.31,5.3377
2018,2018-02-02,3.7567,3.7635,4.6671,4.6755,5.3323,5.3601
2018,2018-02-03,,,,,,
2018,2018-02-04,,,,,,
2018,2018-02-05,3.7454,3.7521,4.6795,4.6879,5.3216,5.3493
2018,2018-02-06,3.7632,3.77,4.6867,4.6951,5.2973,5.3249
2018,2018-02-07,3.7786,3.7854,4.6843,4.6927,5.2693,5.2967
2018,2018-02-08,3.7714,3.7782,4.6638,4.6722,5.2432,5.2705
2018,2018-02-09,3.8073,3.8142,4.6629,4.6713,5.2738,5.3013
2018,2018-02-10,,,,,,
2018,2018-02-11,,,,,,
2018,2018-02-12,3.8119,3.8188,4.6749,4.6833,5.2999,5.3275
2018,2018-02-13,3.8068,3.8137,4.6718,4.6802,5.264,5.2915
2018,2018-02-14,3.7963,3.8031,4.6793,4.6878,5.2599,5.2873
2018,2018-02-15,3.7973,3.8041,4.6938,4.7022,5.2615,5.289
2018,2018-02-16,3.7721,3.7789,4.7089,4.7174,5.2894,5.317
2018,2018-02-17,,,,,,
2018,2018-02-18,,,,,,
2018,2018-02-19,3.7523,3.7591,4.6967,4.7052,5.2815,5.309
2018,2018-02-20,3.7531,3.7599,4.6593,4.6677,5.2521,5.2795
2018,2018-02-21,3.7698,3.7766,4.6575,4.6659,5.2597,5.2872
2018,2018-02-22,3.7845,3.7913,4.6641,4.6725,5.2752,5.3027
2018,2018-02-23,3.7994,3.8062,4.6666,4.675,5.2671,5.2945
2018,2018-02-24,,,,,,
2018,2018-02-25,,,,,,
2018,2018-02-26,3.7816,3.7884,4.6527,4.6611,5.2715,5.2989
2018,2018-02-27,3.7754,3.7822,4.6561,4.6645,5.2931,5.3207
2018,2018-02-28,3.7833,3.7901,4.6646,4.673,5.2749,5.3024
2018,2018-03-01,3.7997,3.8065,4.6439,4.6523,5.2671,5.2946
2018,2018-03-02,3.8082,3.815,4.6434,4.6518,5.2282,5.2555
2018,2018-03-03,,,,,,
2018,2018-03-04,,,,,,
2018,2018-03-05,3.8038,3.8106,4.6705,4.6789,5.2328,5.2601
2018,2018-03-06,3.8161,3.823,4.6963,4.7048,5.2582,5.2856
2018,2018-03-07,3.8001,3.8069,4.693,4.7015,5.253,5.2803
2018,2018-03-08,3.7971,3.8039,4.7154,4.7239,5.2593,5.2867
2018,2018-03-09,3.8089,3.8157,4.7192,4.7277,5.2777,5.3052
2018,2018-03-10,,,,,,
2018,2018-03-11,,,,,,
2018,2018-03-12,3.8164,3.8233,4.6969,4.7054,5.2635,5.2909
2018,2018-03-13,3.8151,3.8219,4.6997,4.7081,5.2801,5.3076
2018,2018-03-14,3.856,3.8629,4.7544,4.7629,5.3464,5.3742
2018,2018-03-15,3.8597,3.8667,4.7787,4.7873,5.3802,5.4082
2018,2018-03-16,3.8875,3.8945,4.8057,4.8143,5.415,5.4432
2018,2018-03-17,,,,,,
2018,2018-03-18,,,,,,
2018,2018-03-19,3.9039,3.911,4.8103,4.8189,5.4402,5.4685
2018,2018-03-20,3.9362,3.9433,4.8335,4.8423,5.4905,5.5191
2018,2018-03-21,3.9356,3.9427,4.8516,4.8604,5.5151,5.5439
2018,2018-03-22,3.9276,3.9347,4.8223,4.8309,5.5045,5.5332
2018,2018-03-23,3.9087,3.9157,4.8245,4.8332,5.5235,5.5523
2018,2018-03-24,,,,,,
2018,2018-03-25,,,,,,
2018,2018-03-26,3.9608,3.9679,4.8853,4.8941,5.5778,5.6069
2018,2018-03-27,3.9742,3.9814,4.9251,4.9339,5.6349,5.6643
2018,2018-03-28,3.9757,3.9829,4.9414,4.9503,5.6163,5.6456
2018,2018-03-29,3.9931,4.0002,4.95,4.9589,5.6443,5.6737
2018,2018-03-30,3.9949,4.0021,4.9191,4.9279,5.6062,5.6354
2018,2018-03-31,,,,,,
2018,2018-04-01,,,,,,
2018,2018-04-02,3.9489,3.956,4.8673,4.8761,5.5385,5.5674
2018,2018-04-03,3.9577,3.9648,4.88,4.8888,5.5562,5.5852
2018,2018-04-04,3.976,3.9832,4.8946,4.9034,5.5824,5.6115
2018,2018-04-05,4.0076,4.0148,4.9228,4.9317,5.6249,5.6542
2018,2018-04-06,4.0269,4.0342,4.9396,4.9485,5.6485,5.678
2018,2018-04-07,,,,,,
2018,2018-04-08,,,,,,
2018,2018-04-09,4.0527,4.06,4.9588,4.9677,5.6663,5.6959
2018,2018-04-10,4.0561,4.0634,4.9798,4.9888,5.712,5.7418
2018,2018-04-11,4.0707,4.078,5.019,5.028,5.7554,5.7854
2018,2018-04-12,4.1453,4.1528,5.1305,5.1398,5.8739,5.9045
2018,2018-04-13,4.1284,4.1358,5.097,5.1062,5.8441,5.8746
2018,2018-04-14,,,,,,
2018,2018-04-15,,,,,,
2018,2018-04-16,4.0785,4.0859,5.0279,5.0369,5.8108,5.8411
2018,2018-04-17,4.096,4.1034,5.0619,5.071,5.8393,5.8697
2018,2018-04-18,4.098,4.1054,5.0747,5.0838,5.8672,5.8978
2018,2018-04-19,4.0964,4.1038,5.0665,5.0756,5.8192,5.8495
2018,2018-04-20,4.0273,4.0345,4.9841,4.993,5.7101,5.7399
2018,2018-04-21,,,,,,
2018,2018-04-22,,,,,,
2018,2018-04-23,,,,,,
2018,2018-04-24,4.0332,4.0405,4.967,4.976,5.6613,5.6908
2018,2018-04-25,4.0848,4.0922,4.9862,4.9952,5.6872,5.7169
2018,2018-04-26,4.0758,4.0832,4.972,4.9809,5.6758,5.7054
2018,2018-04-27,4.0668,4.0742,4.9503,4.9592,5.6582,5.6877
2018,2018-04-28,,,,,,
2018,2018-04-29,,,,,,
2018,2018-04-30,4.0535,4.0608,4.8961,4.9049,5.5937,5.6229
2018,2018-05-01,,,,,,
2018,2018-05-02,4.0399,4.0472,4.8917,4.9005,5.5413,5.5702
2018,2018-05-03,4.1208,4.1282,4.9472,4.9561,5.6103,5.6395
2018,2018-05-04,4.1908,4.1984,5.0243,5.0333,5.6888,5.7185
2018,2018-05-05,,,,,,
2018,2018-05-06,,,,,,
2018,2018-05-07,4.255,4.2626,5.0911,5.1003,5.76,5.79
2018,2018-05-08,4.2558,4.2635,5.0746,5.0838,5.7504,5.7804
2018,2018-05-09,4.2817,4.2894,5.092,5.1012,5.7816,5.8118
2018,2018-05-10,4.2878,4.2955,5.0834,5.0925,5.7972,5.8274
2018,2018-05-11,4.2666,4.2743,5.0668,5.076,5.7763,5.8064
2018,2018-05-12,,,,,,
2018,2018-05-13,,,,,,
2018,2018-05-14,4.2572,4.2648,5.0757,5.0848,5.7554,5.7854
2018,2018-05-15,4.32,4.3278,5.1741,5.1834,5.8568,5.8873
2018,2018-05-16,4.3945,4.4024,5.2365,5.246,5.9387,5.9697
2018,2018-05-17,4.4581,4.4662,5.2687,5.2782,6.0032,6.0345
2018,2018-05-18,4.4402,4.4482,5.2412,5.2507,5.9901,6.0213
2018,2018-05-19,,,,,,
2018,2018-05-20,,,,,,
2018,2018-05-21,4.4652,4.4732,5.2674,5.2769,6.0163,6.0477
2018,2018-05-22,4.5534,4.5616,5.3469,5.3566,6.0957,6.1275
2018,2018-05-23,4.5781,4.5863,5.4043,5.4141,6.1485,6.1805
2018,2018-05-24,4.8464,4.8551,5.6817,5.692,6.4638,6.4975
2018,2018-05-25,4.7028,4.7112,5.5133,5.5233,6.2859,6.3186
2018,2018-05-26,,,,,,
2018,2018-05-27,,,,,,
2018,2018-05-28,4.7207,4.7292,5.524,5.5339,6.291,6.3238
2018,2018-05-29,4.5966,4.6048,5.3665,5.3761,6.1144,6.1463
2018,2018-05-30,4.5962,4.6045,5.3127,5.3222,6.0815,6.1132
2018,2018-05-31,4.4834,4.4914,5.2064,5.2158,5.9433,5.9743
2018,2018-06-01,4.4808,4.4889,5.2431,5.2525,5.9635,5.9946
2018,2018-06-02,,,,,,
2018,2018-06-03,,,,,,
2018,2018-06-04,4.5922,4.6005,5.3686,5.3782,6.0973,6.1291
2018,2018-06-05,4.6284,4.6367,5.4214,5.4312,6.1797,6.2119
2018,2018-06-06,4.6073,4.6156,5.3881,5.3978,6.142,6.174
2018,2018-06-07,4.6095,4.6178,5.419,5.4287,6.1737,6.2059
2018,2018-06-08,4.5489,4.5571,5.378,5.3877,6.1058,6.1376
2018,2018-06-09,,,,,,
2018,2018-06-10,,,,,,
2018,2018-06-11,4.5024,4.5105,5.2956,5.3052,6.027,6.0584
2018,2018-06-12,4.5136,4.5217,5.3223,5.3319,6.0308,6.0623
2018,2018-06-13,4.5491,4.5573,5.3626,5.3723,6.079,6.1107
2018,2018-06-14,4.6484,4.6568,5.4621,5.472,6.1896,6.2218
2018,2018-06-15,,,,,,
2018,2018-06-16,,,,,,
2018,2018-06-17,,,,,,
2018,2018-06-18,4.6484,4.6568,5.4621,5.472,6.1896,6.2218
2018,2018-06-19,4.7151,4.7236,5.4667,5.4765,6.2346,6.2671
2018,2018-06-20,4.7545,4.763,5.4969,5.5068,6.2583,6.291
2018,2018-06-21,4.7488,4.7573,5.4929,5.5028,6.2396,6.2721
2018,2018-06-22,4.7524,4.7609,5.4833,5.4932,6.2349,6.2675
2018,2018-06-23,,,,,,
2018,2018-06-24,,,,,,
2018,2018-06-25,4.7077,4.7162,5.4848,5.4946,6.2474,6.2799
2018,2018-06-26,4.6397,4.648,5.4071,5.4169,6.1379,6.1699
2018,2018-06-27,4.674,4.6824,5.4576,5.4674,6.1847,6.2169
2018,2018-06-28,4.6349,4.6433,5.396,5.4058,6.1115,6.1434
2018,2018-06-29,4.6083,4.6166,5.331,5.3406,6.0221,6.0535
2018,2018-06-30,,,,,,
2018,2018-07-01,,,,,,
2018,2018-07-02,4.5607,4.569,5.3092,5.3188,5.981,6.0122
2018,2018-07-03,4.6225,4.6308,5.3804,5.3901,6.0726,6.1042
2018,2018-07-04,4.656,4.6644,5.4274,5.4372,6.1255,6.1574
2018,2018-07-05,4.6987,4.7071,5.4731,5.483,6.1958,6.2281
2018,2018-07-06,4.6427,4.651,5.4288,5.4386,6.1393,6.1713
2018,2018-07-07,,,,,,
2018,2018-07-08,,,,,,
2018,2018-07-09,4.6004,4.6087,5.3876,5.3973,6.0791,6.1108
2018,2018-07-10,4.5304,4.5385,5.3334,5.343,6.0311,6.0625
2018,2018-07-11,4.705,4.7134,5.5167,5.5267,6.2248,6.2573
2018,2018-07-12,4.7488,4.7574,5.5636,5.5737,6.284,6.3167
2018,2018-07-13,4.8176,4.8263,5.6233,5.6334,6.354,6.3872
2018,2018-07-14,,,,,,
2018,2018-07-15,,,,,,
2018,2018-07-16,4.842,4.8507,5.632,5.6421,6.3494,6.3825
2018,2018-07-17,4.8357,4.8444,5.6599,5.6701,6.4012,6.4345
2018,2018-07-18,4.8365,4.8452,5.6714,5.6816,6.3937,6.427
2018,2018-07-19,4.7908,4.7994,5.568,5.578,6.2407,6.2732
2018,2018-07-20,4.823,4.8317,5.5986,5.6087,6.2637,6.2963
2018,2018-07-21,,,,,,
2018,2018-07-22,,,,,,
2018,2018-07-23,4.8,4.8086,5.5924,5.6025,6.2404,6.273
2018,2018-07-24,4.7538,4.7624,5.5684,5.5785,6.2339,6.2664
2018,2018-07-25,4.7775,4.7861,5.5862,5.5963,6.2547,6.2873
2018,2018-07-26,4.854,4.8628,5.6774,5.6876,6.3778,6.411
2018,2018-07-27,4.8183,4.827,5.6457,5.6559,6.3424,6.3755
2018,2018-07-28,,,,,,
2018,2018-07-29,,,,,,
2018,2018-07-30,4.8568,4.8655,5.6499,5.6601,6.3499,6.383
2018,2018-07-31,4.885,4.8938,5.7034,5.7137,6.3977,6.431
2018,2018-08-01,4.8999,4.9087,5.7456,5.756,6.4328,6.4663
2018,2018-08-02,4.9223,4.9312,5.7515,5.7619,6.447,6.4806
2018,2018-08-03,5.0504,5.0595,5.87,5.8806,6.5933,6.6277
2018,2018-08-04,,,,,,
2018,2018-08-05,,,,,,
2018,2018-08-06,5.0778,5.087,5.8794,5.89,6.5907,6.6251
2018,2018-08-07,5.1464,5.1557,5.9462,5.957,6.6593,6.6941
2018,2018-08-08,5.2634,5.2729,6.0999,6.1109,6.8127,6.8482
2018,2018-08-09,5.2813,5.2908,6.1252,6.1362,6.8008,6.8363
2018,2018-08-10,5.3988,5.4085,6.2588,6.27,6.9406,6.9768
2018,2018-08-11,,,,,,
2018,2018-08-12,,,,,,
2018,2018-08-13,5.9389,5.9496,6.8081,6.8204,7.5731,7.6126
2018,2018-08-14,6.8798,6.8922,7.8327,7.8468,8.758,8.8036
2018,2018-08-15,6.5465,6.5583,7.4687,7.4822,8.3549,8.3984
2018,2018-08-16,6.136,6.1471,6.9501,6.9626,7.788,7.8286
2018,2018-08-17,5.7982,5.8087,6.5935,6.6054,7.3552,7.3936
2018,2018-08-18,,,,,,
2018,2018-08-19,,,,,,
2018,2018-08-20,5.9944,6.0052,6.8267,6.839,7.6094,7.6491
2018,2018-08-21,,,,,,
2018,2018-08-22,,,,,,
2018,2018-08-23,,,,,,
2018,2018-08-24,,,,,,
2018,2018-08-25,,,,,,
2018,2018-08-26,,,,,,
2018,2018-08-27,5.9944,6.0052,6.8267,6.839,7.6094,7.6491
2018,2018-08-28,6.1901,6.2012,7.1875,7.2004,7.9377,7.979
2018,2018-08-29,6.2186,6.2298,7.2744,7.2875,8.008,8.0497
2018,2018-08-30,,,,,,
2018,2018-08-31,6.4063,6.4178,7.4735,7.4869,8.2341,8.277
2018,2018-09-01,,,,,,
2018,2018-09-02,,,,,,
2018,2018-09-03,6.5498,6.5616,7.6428,7.6566,8.5062,8.5505
2018,2018-09-04,6.6213,6.6333,7.6868,7.7007,8.5226,8.567
2018,2018-09-05,6.6797,6.6918,7.7252,7.7391,8.5562,8.6008
2018,2018-09-06,6.6824,6.6944,7.7336,7.7475,8.5518,8.5964
2018,2018-09-07,6.5863,6.5981,7.6573,7.6711,8.4999,8.5442
2018,2018-09-08,,,,,,
2018,2018-09-09,,,,,,
2018,2018-09-10,6.469,6.4807,7.5259,7.5395,8.3732,8.4169
2018,2018-09-11,6.4533,6.4649,7.4635,7.477,8.3317,8.3752
2018,2018-09-12,6.4538,6.4654,7.4899,7.5034,8.3997,8.4435
2018,2018-09-13,6.3945,6.406,7.4085,7.4219,8.3065,8.3498
2018,2018-09-14,6.3566,6.3681,7.3855,7.3988,8.2792,8.3224
2018,2018-09-15,,,,,,
2018,2018-09-16,,,,,,
2018,2018-09-17,6.0659,6.0768,7.0988,7.1116,7.9442,7.9856
2018,2018-09-18,6.2608,6.272,7.2946,7.3077,8.1875,8.2302
2018,2018-09-19,6.3635,6.375,7.4387,7.4521,8.3474,8.3909
2018,2018-09-20,6.3095,6.3208,7.3766,7.3899,8.2946,8.3379
2018,2018-09-21,6.2718,6.2831,7.3437,7.357,8.2689,8.312
2018,2018-09-22,,,,,,
2018,2018-09-23,,,,,,
2018,2018-09-24,6.2671,6.2784,7.3794,7.3927,8.261,8.304
2018,2018-09-25,6.2287,6.2399,7.3234,7.3366,8.1565,8.199
2018,2018-09-26,6.124,6.135,7.2057,7.2187,8.036,8.0779
2018,2018-09-27,6.1242,6.1353,7.2007,7.2136,8.047,8.0889
2018,2018-09-28,6.0752,6.0862,7.113,7.1258,7.9631,8.0046
2018,2018-09-29,,,,,,
2018,2018-09-30,,,,,,
2018,2018-10-01,5.9902,6.001,6.9505,6.9631,7.8079,7.8486
2018,2018-10-02,5.9659,5.9767,6.9213,6.9337,7.7678,7.8083
2018,2018-10-03,6.0082,6.019,6.9255,6.938,7.7814,7.8219
2018,2018-10-04,6.0289,6.0397,6.9741,6.9866,7.8226,7.8634
2018,2018-10-05,6.1244,6.1354,7.0388,7.0515,7.9306,7.9719
2018,2018-10-06,,,,,,
2018,2018-10-07,,,,,,
2018,2018-10-08,6.1543,6.1654,7.0786,7.0913,8.0127,8.0545
2018,2018-10-09,6.1516,6.1626,7.0624,7.0751,8.0181,8.0599
2018,2018-10-10,6.1156,6.1266,7.0088,7.0215,7.9702,8.0117
2018,2018-10-11,6.0885,6.0995,6.9994,7.012,7.9977,8.0393
2018,2018-10-12,5.9833,5.9941,6.9147,6.9272,7.8854,7.9265
2018,2018-10-13,,,,,,
2018,2018-10-14,,,,,,
2018,2018-10-15,5.9042,5.9149,6.8404,6.8527,7.7951,7.8357
2018,2018-10-16,5.8113,5.8218,6.7288,6.7409,7.6255,7.6653
2018,2018-10-17,5.7794,5.7898,6.6943,6.7064,7.6153,7.655
2018,2018-10-18,5.6825,5.6928,6.5678,6.5797,7.4573,7.4962
2018,2018-10-19,5.5498,5.5598,6.39,6.4015,7.2651,7.303
2018,2018-10-20,,,,,,
2018,2018-10-21,,,,,,
2018,2018-10-22,5.6134,5.6235,6.4316,6.4432,7.3018,7.3399
2018,2018-10-23,5.6481,5.6582,6.5039,6.5156,7.356,7.3944
2018,2018-10-24,5.771,5.7814,6.6206,6.6326,7.486,7.5251
2018,2018-10-25,5.717,5.7273,6.5295,6.5412,7.3822,7.4207
2018,2018-10-26,5.6797,5.6899,6.4795,6.4912,7.3153,7.3535
2018,2018-10-27,,,,,,
2018,2018-10-28,,,,,,
2018,2018-10-29,,,,,,
2018,2018-10-30,5.6186,5.6287,6.3835,6.395,7.1814,7.2188
2018,2018-10-31,5.5203,5.5303,6.2734,6.2847,7.036,7.0727
2018,2018-11-01,5.4981,5.508,6.2373,6.2486,6.9924,7.0289
2018,2018-11-02,5.5704,5.5804,6.3351,6.3465,7.1683,7.2057
2018,2018-11-03,,,,,,
2018,2018-11-04,,,,,,
2018,2018-11-05,5.4613,5.4712,6.246,6.2572,7.0996,7.1366
2018,2018-11-06,5.447,5.4569,6.1996,6.2108,7.0721,7.109
2018,2018-11-07,5.3418,5.3514,6.0954,6.1064,6.9648,7.0011
2018,2018-11-08,5.3575,5.3672,6.1463,6.1573,7.0328,7.0695
2018,2018-11-09,5.4095,5.4193,6.1806,6.1917,7.0852,7.1221
2018,2018-11-10,,,,,,
2018,2018-11-11,,,,,,
2018,2018-11-12,5.4819,5.4918,6.2174,6.2286,7.1235,7.1607
2018,2018-11-13,5.4764,5.4862,6.1672,6.1783,7.0305,7.0671
2018,2018-11-14,5.477,5.4868,6.1575,6.1686,7.0531,7.0898
2018,2018-11-15,5.4625,5.4724,6.1622,6.1733,7.0694,7.1062
2018,2018-11-16,5.4177,5.4275,6.131,6.142,6.9676,7.004
2018,2018-11-17,,,,,,
2018,2018-11-18,,,,,,
2018,2018-11-19,5.3412,5.3508,6.0565,6.0674,6.8265,6.862
2018,2018-11-20,5.3231,5.3327,6.0775,6.0884,6.8286,6.8642
2018,2018-11-21,5.3272,5.3368,6.0935,6.1045,6.8347,6.8703
2018,2018-11-22,5.3497,5.3593,6.0935,6.1045,6.8332,6.8688
2018,2018-11-23,5.3029,5.3124,6.0497,6.0606,6.7883,6.8237
2018,2018-11-24,,,,,,
2018,2018-11-25,,,,,,
2018,2018-11-26,5.2771,5.2866,6.0042,6.015,6.769,6.8043
2018,2018-11-27,5.2444,5.2538,5.9604,5.9712,6.7206,6.7557
2018,2018-11-28,5.2366,5.2461,5.9259,5.9365,6.6695,6.7043
2018,2018-11-29,5.2486,5.258,5.9233,5.934,6.691,6.7259
2018,2018-11-30,5.1649,5.1742,5.8737,5.8843,6.5977,6.6321
2018,2018-12-01,,,,,,
2018,2018-12-02,,,,,,
2018,2018-12-03,5.157,5.1663,5.8679,5.8784,6.5757,6.61
2018,2018-12-04,5.1906,5.2,5.895,5.9056,6.6181,6.6526
2018,2018-12-05,5.2723,5.2818,6.0068,6.0176,6.7282,6.7633
2018,2018-12-06,5.3733,5.3829,6.0929,6.1039,6.8299,6.8655
2018,2018-12-07,5.3608,5.3705,6.0759,6.0869,6.8118,6.8473
2018,2018-12-08,,,,,,
2018,2018-12-09,,,,,,
2018,2018-12-10,5.3257,5.3353,6.0572,6.0681,6.7848,6.8201
2018,2018-12-11,5.281,5.2905,6.0289,6.0397,6.7015,6.7365
2018,2018-12-12,5.3505,5.3601,6.088,6.099,6.7289,6.764
2018,2018-12-13,5.3633,5.373,6.0764,6.0873,6.7071,6.7421
2018,2018-12-14,5.3611,5.3708,6.0997,6.1107,6.7728,6.8081
2018,2018-12-15,,,,,,
2018,2018-12-16,,,,,,
2018,2018-12-17,5.371,5.3807,6.0755,6.0865,6.7506,6.7858
2018,2018-12-18,5.3766,5.3863,6.091,6.102,6.7651,6.8003
2018,2018-12-19,5.3504,5.36,6.0839,6.0949,6.7571,6.7923
2018,2018-12-20,5.3314,5.341,6.0764,6.0874,6.7362,6.7713
2018,2018-12-21,5.26,5.2695,6.0206,6.0314,6.6558,6.6905
2018,2018-12-22,,,,,,
2018,2018-12-23,,,,,,
2018,2018-12-24,5.2746,5.2841,6.0342,6.0451,6.6718,6.7066
2018,2018-12-25,5.2926,5.3021,6.0291,6.0399,6.6877,6.7225
2018,2018-12-26,5.3034,5.313,6.0419,6.0527,6.7245,6.7595
2018,2018-12-27,5.2832,5.2927,6.0185,6.0294,6.6954,6.7303
2018,2018-12-28,5.2889,5.2985,6.0245,6.0354,6.6761,6.711
2018,2018-12-29,,,,,,
2018,2018-12-30,,,,,,
2018,2018-12-31,5.2609,5.2704,6.028,6.0388,6.6528,6.6875
2019,2019-01-01,,,,,,
2019,2019-01-02,5.281,5.2905,6.0422,6.053,6.7135,6.7485
2019,2019-01-03,5.3316,5.3412,6.1061,6.1171,6.7643,6.7996
2019,2019-01-04,5.4588,5.4686,6.2057,6.2169,6.8468,6.8825
2019,2019-01-05,,,,,,
2019,2019-01-06,,,,,,
2019,2019-01-07,5.4088,5.4186,6.1687,6.1798,6.837,6.8726
2019,2019-01-08,5.3597,5.3693,6.1285,6.1395,6.8184,6.8539
2019,2019-01-09,5.4264,5.4362,6.2134,6.2246,6.9168,6.9529
2019,2019-01-10,5.4973,5.5072,6.2999,6.3112,6.9928,7.0292
2019,2019-01-11,5.4626,5.4724,6.3007,6.3121,6.9572,6.9934
2019,2019-01-12,,,,,,
2019,2019-01-13,,,,,,
2019,2019-01-14,5.4242,5.434,6.2525,6.2638,6.9175,6.9535
2019,2019-01-15,5.5103,5.5203,6.321,6.3324,7.0653,7.1021
2019,2019-01-16,5.4401,5.4499,6.2291,6.2404,6.991,7.0274
2019,2019-01-17,5.4037,5.4134,6.1605,6.1716,6.9369,6.973
2019,2019-01-18,5.3563,5.3659,6.103,6.114,6.8845,6.9204
2019,2019-01-19,,,,,,
2019,2019-01-20,,,,,,
2019,2019-01-21,5.3429,5.3526,6.0908,6.1018,6.9066,6.9426
2019,2019-01-22,5.3369,5.3465,6.0714,6.0823,6.8515,6.8872
2019,2019-01-23,5.3454,5.3551,6.0716,6.0826,6.8801,6.916
2019,2019-01-24,5.3142,5.3238,6.0386,6.0495,6.8894,6.9253
2019,2019-01-25,5.274,5.2835,5.9905,6.0013,6.8675,6.9033
2019,2019-01-26,,,,,,
2019,2019-01-27,,,,,,
2019,2019-01-28,5.2641,5.2736,5.9654,5.9761,6.88,6.9159
2019,2019-01-29,5.2763,5.2858,6.019,6.0299,6.9342,6.9703
2019,2019-01-30,5.3339,5.3436,6.101,6.112,7.0069,7.0435
2019,2019-01-31,5.2781,5.2876,6.0339,6.0447,6.9005,6.9364
2019,2019-02-01,5.2109,5.2203,5.9871,5.9979,6.8298,6.8654
2019,2019-02-02,,,,,,
2019,2019-02-03,,,,,,
2019,2019-02-04,5.1945,5.2038,5.9515,5.9622,6.7833,6.8186
2019,2019-02-05,5.2194,5.2288,5.9743,5.9851,6.8093,6.8448
2019,2019-02-06,5.1979,5.2073,5.9371,5.9477,6.7603,6.7956
2019,2019-02-07,5.2089,5.2183,5.9328,5.9435,6.7367,6.7718
2019,2019-02-08,5.2407,5.2502,5.9468,5.9575,6.7543,6.7895
2019,2019-02-09,,,,,,
2019,2019-02-10,,,,,,
2019,2019-02-11,5.2438,5.2532,5.9447,5.9554,6.7775,6.8129
2019,2019-02-12,5.2556,5.2651,5.946,5.9567,6.7754,6.8107
2019,2019-02-13,5.2638,5.2733,5.9377,5.9484,6.7561,6.7913
2019,2019-02-14,5.2429,5.2523,5.9374,5.9481,6.7552,6.7904
2019,2019-02-15,5.2867,5.2962,5.9591,5.9699,6.7763,6.8116
2019,2019-02-16,,,,,,
2019,2019-02-17,,,,,,
2019,2019-02-18,5.2601,5.2696,5.9335,5.9442,6.7268,6.7618
2019,2019-02-19,5.2922,5.3018,5.9886,5.9994,6.8256,6.8612
2019,2019-02-20,5.3052,5.3147,5.9958,6.0066,6.8408,6.8765
2019,2019-02-21,5.2964,5.3059,6.0072,6.018,6.8926,6.9286
2019,2019-02-22,5.3141,5.3236,6.0263,6.0371,6.9272,6.9633
2019,2019-02-23,,,,,,
2019,2019-02-24,,,,,,
2019,2019-02-25,5.3168,5.3264,6.0318,6.0427,6.9147,6.9508
2019,2019-02-26,5.3058,5.3154,6.0244,6.0353,6.9264,6.9625
2019,2019-02-27,5.2949,5.3044,6.0141,6.025,6.9628,6.9991
2019,2019-02-28,5.2905,5.3,6.0257,6.0366,7.0133,7.0499
2019,2019-03-01,5.3177,5.3273,6.0576,6.0685,7.0601,7.0969
2019,2019-03-02,,,,,,
2019,2019-03-03,,,,,,
2019,2019-03-04,5.3442,5.3538,6.0762,6.0871,7.0659,7.1027
2019,2019-03-05,5.3781,5.3878,6.1024,6.1134,7.1012,7.1382
2019,2019-03-06,5.3671,5.3767,6.0803,6.0913,7.0576,7.0944
2019,2019-03-07,5.379,5.3887,6.08,6.0909,7.0579,7.0947
2019,2019-03-08,5.4309,5.4407,6.1419,6.1529,7.1359,7.1731
2019,2019-03-09,,,,,,
2019,2019-03-10,,,,,,
2019,2019-03-11,5.4544,5.4642,6.1157,6.1267,7.126,7.1631
2019,2019-03-12,5.4345,5.4443,6.1114,6.1224,7.0515,7.0883
2019,2019-03-13,5.4359,5.4457,6.1249,6.136,7.1515,7.1887
2019,2019-03-14,5.4523,5.4621,6.1567,6.1678,7.1527,7.19
2019,2019-03-15,5.4617,5.4716,6.18,6.1912,7.2311,7.2688
2019,2019-03-16,,,,,,
2019,2019-03-17,,,,,,
2019,2019-03-18,5.4564,5.4662,6.1776,6.1887,7.2171,7.2547
2019,2019-03-19,5.4544,5.4643,6.1905,6.2016,7.2245,7.2622
2019,2019-03-20,5.4642,5.4741,6.2034,6.2146,7.242,7.2797
2019,2019-03-21,5.47,5.4799,6.2082,6.2194,7.226,7.2637
2019,2019-03-22,5.4392,5.449,6.2032,6.2143,7.1484,7.1857
2019,2019-03-23,,,,,,
2019,2019-03-24,,,,,,
2019,2019-03-25,5.5274,5.5373,6.263,6.2743,7.2457,7.2835
2019,2019-03-26,5.6458,5.6559,6.3858,6.3973,7.4321,7.4708
2019,2019-03-27,5.4945,5.5044,6.2162,6.2274,7.2467,7.2845
2019,2019-03-28,5.3307,5.3403,6.0091,6.0199,7.0259,7.0625
2019,2019-03-29,5.5423,5.5523,6.2335,6.2448,7.278,7.316
2019,2019-03-30,,,,,,
2019,2019-03-31,,,,,,
2019,2019-04-01,5.6284,5.6386,6.3188,6.3302,7.3354,7.3736
2019,2019-04-02,5.5986,5.6086,6.2906,6.302,7.3163,7.3544
2019,2019-04-03,5.5569,5.5669,6.2242,6.2354,7.2369,7.2746
2019,2019-04-04,5.6067,5.6168,6.3022,6.3135,7.3753,7.4138
2019,2019-04-05,5.6291,5.6392,6.3225,6.3338,7.3968,7.4354
2019,2019-04-06,,,,,,
2019,2019-04-07,,,,,,
2019,2019-04-08,5.5923,5.6024,6.2797,6.291,7.3027,7.3407
2019,2019-04-09,5.6671,5.6774,6.3682,6.3796,7.3863,7.4248
2019,2019-04-10,5.6576,5.6678,6.3775,6.389,7.389,7.4275
2019,2019-04-11,5.6727,5.6829,6.3946,6.4061,7.405,7.4436
2019,2019-04-12,5.7112,5.7215,6.441,6.4526,7.4621,7.501
2019,2019-04-13,,,,,,
2019,2019-04-14,,,,,,
2019,2019-04-15,5.7827,5.7931,6.5359,6.5477,7.547,7.5863
2019,2019-04-16,5.7852,5.7956,6.5449,6.5567,7.5655,7.6049
2019,2019-04-17,5.7892,5.7996,6.5442,6.556,7.5635,7.6029
2019,2019-04-18,5.7427,5.7531,6.4952,6.5069,7.4799,7.5189
2019,2019-04-19,5.8094,5.8199,6.5445,6.5563,7.5517,7.591
2019,2019-04-20,,,,,,
2019,2019-04-21,,,,,,
2019,2019-04-22,5.7921,5.8025,6.5133,6.525,7.5178,7.557
2019,2019-04-23,,,,,,
2019,2019-04-24,5.8253,5.8358,6.5519,6.5637,7.5552,7.5946
2019,2019-04-25,5.8598,5.8703,6.5706,6.5824,7.5675,7.607
2019,2019-04-26,5.8927,5.9033,6.5652,6.5771,7.58,7.6195
2019,2019-04-27,,,,,,
2019,2019-04-28,,,,,,
2019,2019-04-29,5.9233,5.934,6.5981,6.61,7.6323,7.6721
2019,2019-04-30,5.9282,5.9389,6.6151,6.627,7.6541,7.694
2019,2019-05-01,,,,,,
2019,2019-05-02,5.9563,5.9671,6.673,6.6851,7.7176,7.7579
2019,2019-05-03,5.9571,5.9679,6.6744,6.6864,7.7645,7.805
2019,2019-05-04,,,,,,
2019,2019-05-05,,,,,,
2019,2019-05-06,5.9602,5.9709,6.6512,6.6632,7.7402,7.7806
2019,2019-05-07,5.9915,6.0023,6.7057,6.7178,7.8415,7.8823
2019,2019-05-08,6.1475,6.1586,6.8838,6.8962,8.0357,8.0776
2019,2019-05-09,6.1607,6.1718,6.9019,6.9143,8.0152,8.057
2019,2019-05-10,6.2026,6.2138,6.9419,6.9544,8.0493,8.0913
2019,2019-05-11,,,,,,
2019,2019-05-12,,,,,,
2019,2019-05-13,6.1129,6.1239,6.8651,6.8775,7.9393,7.9807
2019,2019-05-14,6.0827,6.0936,6.8324,6.8447,7.9033,7.9445
2019,2019-05-15,6.0438,6.0547,6.7902,6.8025,7.8107,7.8515
2019,2019-05-16,6.0529,6.0638,6.7805,6.7927,7.7988,7.8395
2019,2019-05-17,5.9999,6.0107,6.7256,6.7378,7.6842,7.7242
2019,2019-05-18,,,,,,
2019,2019-05-19,,,,,,
2019,2019-05-20,6.0463,6.0572,6.7549,6.767,7.7076,7.7478
2019,2019-05-21,6.04,6.0509,6.7391,6.7513,7.6838,7.7239
2019,2019-05-22,6.0425,6.0534,6.7369,6.749,7.66,7.6999
2019,2019-05-23,6.0762,6.0872,6.7819,6.7941,7.6841,7.7242
2019,2019-05-24,6.1252,6.1362,6.8227,6.835,7.7226,7.7628
2019,2019-05-25,,,,,,
2019,2019-05-26,,,,,,
2019,2019-05-27,6.0656,6.0766,6.7864,6.7986,7.6801,7.7202
2019,2019-05-28,6.046,6.0569,6.7692,6.7813,7.67,7.71
2019,2019-05-29,6.0392,6.0501,6.7576,6.7698,7.6386,7.6784
2019,2019-05-30,6.0152,6.0261,6.7101,6.7221,7.5923,7.6319
2019,2019-05-31,5.9235,5.9342,6.5966,6.6084,7.4686,7.5076
2019,2019-06-01,,,,,,
2019,2019-06-02,,,,,,
2019,2019-06-03,5.8613,5.8718,6.532,6.5438,7.3696,7.408
2019,2019-06-04,,,,,,
2019,2019-06-05,,,,,,
2019,2019-06-06,,,,,,
2019,2019-06-07,5.8613,5.8718,6.532,6.5438,7.3696,7.408
2019,2019-06-08,,,,,,
2019,2019-06-09,,,,,,
2019,2019-06-10,5.8354,5.846,6.5729,6.5847,7.4054,7.444
2019,2019-06-11,5.807,5.8174,6.5631,6.575,7.3555,7.3938
2019,2019-06-12,5.7791,5.7895,6.5392,6.551,7.3255,7.3637
2019,2019-06-13,5.7997,5.8101,6.5709,6.5827,7.3752,7.4136
2019,2019-06-14,5.8264,5.8369,6.5793,6.5912,7.3732,7.4117
2019,2019-06-15,,,,,,
2019,2019-06-16,,,,,,
2019,2019-06-17,5.8826,5.8932,6.6316,6.6436,7.4322,7.4709
2019,2019-06-18,5.8704,5.881,6.5845,6.5964,7.3768,7.4152
2019,2019-06-19,5.841,5.8515,6.5465,6.5583,7.3076,7.3457
2019,2019-06-20,5.8518,5.8624,6.5549,6.5667,7.3431,7.3814
2019,2019-06-21,5.7311,5.7414,6.4742,6.4859,7.2724,7.3104
2019,2019-06-22,,,,,,
2019,2019-06-23,,,,,,
2019,2019-06-24,5.7915,5.802,6.547,6.5588,7.3286,7.3668
2019,2019-06-25,5.7444,5.7547,6.5409,6.5526,7.3077,7.3458
2019,2019-06-26,5.7904,5.8008,6.5935,6.6054,7.3745,7.4129
2019,2019-06-27,5.763,5.7734,6.5476,6.5594,7.2939,7.3319
2019,2019-06-28,5.7665,5.7769,6.5571,6.5689,7.3114,7.3496
2019,2019-06-29,,,,,,
2019,2019-06-30,,,,,,
2019,2019-07-01,5.7551,5.7654,6.5507,6.5625,7.2855,7.3235
2019,2019-07-02,5.6792,5.6895,6.4353,6.4469,7.1721,7.2095
2019,2019-07-03,5.6669,5.6772,6.4013,6.4129,7.1428,7.1801
2019,2019-07-04,5.6292,5.6394,6.3544,6.3659,7.0659,7.1028
2019,2019-07-05,5.5934,5.6035,6.3117,6.323,7.0226,7.0592
2019,2019-07-06,,,,,,
2019,2019-07-07,,,,,,
2019,2019-07-08,5.6007,5.6108,6.309,6.3204,7.0208,7.0574
2019,2019-07-09,5.7227,5.733,6.4235,6.4351,7.1559,7.1932
2019,2019-07-10,5.7122,5.7225,6.3998,6.4113,7.1105,7.1476
2019,2019-07-11,5.7381,5.7485,6.4369,6.4485,7.1433,7.1806
2019,2019-07-12,5.6665,5.6767,6.3877,6.3992,7.0947,7.1316
2019,2019-07-13,,,,,,
2019,2019-07-14,,,,,,
2019,2019-07-15,,,,,,
2019,2019-07-16,5.6916,5.7019,6.4088,6.4203,7.1238,7.1609
2019,2019-07-17,5.7027,5.713,6.4086,6.4202,7.0907,7.1277
2019,2019-07-18,5.6929,5.7031,6.383,6.3945,7.048,7.0848
2019,2019-07-19,5.6912,5.7014,6.3913,6.4028,7.0845,7.1215
2019,2019-07-20,,,,,,
2019,2019-07-21,,,,,,
2019,2019-07-22,5.6316,5.6417,6.334,6.3454,7.0434,7.0801
2019,2019-07-23,5.6684,5.6786,6.3586,6.3701,7.0592,7.096
2019,2019-07-24,5.6784,5.6886,6.3499,6.3614,7.0559,7.0927
2019,2019-07-25,5.7135,5.7238,6.3671,6.3786,7.115,7.1521
2019,2019-07-26,5.6991,5.7093,6.3422,6.3536,7.1012,7.1382
2019,2019-07-27,,,,,,
2019,2019-07-28,,,,,,
2019,2019-07-29,5.6564,5.6665,6.2997,6.311,7.0206,7.0572
2019,2019-07-30,5.6272,5.6373,6.2586,6.2699,6.9264,6.9625
2019,2019-07-31,5.5709,5.581,6.2088,6.2199,6.7681,6.8033
2019,2019-08-01,5.5227,5.5326,6.1574,6.1684,6.7071,6.742
2019,2019-08-02,5.5815,5.5916,6.1609,6.172,6.7481,6.7832
2019,2019-08-03,,,,,,
2019,2019-08-04,,,,,,
2019,2019-08-05,5.5809,5.591,6.1942,6.2054,6.7527,6.7879
2019,2019-08-06,5.556,5.566,6.1947,6.2059,6.7324,6.7675
2019,2019-08-07,5.5315,5.5415,6.1959,6.207,6.7272,6.7623
2019,2019-08-08,5.4858,5.4957,6.1393,6.1504,6.6519,6.6866
2019,2019-08-09,5.4744,5.4842,6.1349,6.1459,6.6443,6.6789
2019,2019-08-10,,,,,,
2019,2019-08-11,,,,,,
2019,2019-08-12,,,,,,
2019,2019-08-13,,,,,,
2019,2019-08-14,,,,,,
2019,2019-08-15,5.4809,5.4907,6.1367,6.1478,6.6256,6.6601
2019,2019-08-16,5.5714,5.5814,6.2122,6.2234,6.7262,6.7613
2019,2019-08-17,,,,,,
2019,2019-08-18,,,,,,
2019,2019-08-19,5.5398,5.5497,6.1414,6.1524,6.7168,6.7518
2019,2019-08-20,5.5775,5.5875,6.1922,6.2033,6.754,6.7892
2019,2019-08-21,5.7046,5.7149,6.3197,6.3311,6.8856,6.9215
2019,2019-08-22,5.7096,5.7199,6.3359,6.3473,6.9157,6.9518
2019,2019-08-23,5.7478,5.7581,6.3723,6.3838,6.9647,7.0011
2019,2019-08-24,,,,,,
2019,2019-08-25,,,,,,
2019,2019-08-26,5.7538,5.7642,6.3654,6.3769,7.0138,7.0504
2019,2019-08-27,5.8029,5.8133,6.4532,6.4648,7.0953,7.1323
2019,2019-08-28,5.8257,5.8362,6.4707,6.4824,7.1257,7.1628
2019,2019-08-29,5.7994,5.8098,6.4315,6.4431,7.076,7.1129
2019,2019-08-30,,,,,,
2019,2019-08-31,,,,,,
2019,2019-09-01,,,,,,
2019,2019-09-02,5.814,5.8245,6.4407,6.4523,7.0805,7.1174
2019,2019-09-03,5.8044,5.8149,6.3687,6.3802,7.0128,7.0494
2019,2019-09-04,5.7726,5.783,6.316,6.3273,6.9159,6.952
2019,2019-09-05,5.6656,5.6758,6.2352,6.2464,6.8838,6.9197
2019,2019-09-06,5.6746,5.6848,6.267,6.2783,6.9595,6.9958
2019,2019-09-07,,,,,,
2019,2019-09-08,,,,,,
2019,2019-09-09,5.6932,5.7035,6.2824,6.2937,6.994,7.0305
2019,2019-09-10,5.7215,5.7318,6.3123,6.3237,7.0386,7.0753
2019,2019-09-11,5.7568,5.7671,6.3569,6.3683,7.0884,7.1254
2019,2019-09-12,5.7711,5.7815,6.3611,6.3725,7.1188,7.1559
2019,2019-09-13,5.7283,5.7387,6.3087,6.32,7.0482,7.0849
2019,2019-09-14,,,,,,
2019,2019-09-15,,,,,,
2019,2019-09-16,5.6665,5.6767,6.2876,6.2989,7.0349,7.0715
2019,2019-09-17,5.7125,5.7228,6.3154,6.3268,7.0987,7.1357
2019,2019-09-18,5.7227,5.733,6.3038,6.3152,7.0881,7.1251
2019,2019-09-19,5.6785,5.6888,6.2747,6.286,7.0665,7.1033
2019,2019-09-20,5.6917,5.702,6.2941,6.3055,7.087,7.1239
2019,2019-09-21,,,,,,
2019,2019-09-22,,,,,,
2019,2019-09-23,5.6889,5.6991,6.2847,6.296,7.1166,7.1537
2019,2019-09-24,5.7183,5.7286,6.2819,6.2932,7.0991,7.1361
2019,2019-09-25,5.6743,5.6845,6.2381,6.2493,7.0481,7.0848
2019,2019-09-26,5.6882,5.6984,6.2544,6.2656,7.0589,7.0957
2019,2019-09-27,5.6659,5.6761,6.1982,6.2093,6.9793,7.0157
2019,2019-09-28,,,,,,
2019,2019-09-29,,,,,,
2019,2019-09-30,5.6591,5.6693,6.1836,6.1947,6.9487,6.9849
2019,2019-10-01,5.6437,5.6539,6.1671,6.1783,6.9335,6.9696
2019,2019-10-02,5.6752,5.6855,6.1817,6.1928,6.9606,6.9969
2019,2019-10-03,5.728,5.7383,6.2547,6.266,7.0092,7.0457
2019,2019-10-04,5.6854,5.6956,6.2265,6.2377,6.9785,7.0149
2019,2019-10-05,,,,,,
2019,2019-10-06,,,,,,
2019,2019-10-07,5.6894,5.6997,6.2454,6.2567,7.0066,7.0431
2019,2019-10-08,5.7343,5.7446,6.294,6.3053,7.0484,7.0851
2019,2019-10-09,5.816,5.8265,6.3897,6.4012,7.1149,7.1519
2019,2019-10-10,5.8276,5.8381,6.3974,6.4089,7.1119,7.149
2019,2019-10-11,5.8704,5.881,6.4694,6.481,7.1727,7.21
2019,2019-10-12,,,,,,
2019,2019-10-13,,,,,,
2019,2019-10-14,5.8417,5.8522,6.4405,6.4521,7.3011,7.3392
2019,2019-10-15,5.9103,5.9209,6.5174,6.5291,7.4125,7.4511
2019,2019-10-16,5.8881,5.8987,6.4888,6.5005,7.4335,7.4723
2019,2019-10-17,5.8915,5.9021,6.5012,6.5129,7.4948,7.5339
2019,2019-10-18,5.8806,5.8912,6.5255,6.5373,7.5352,7.5745
2019,2019-10-19,,,,,,
2019,2019-10-20,,,,,,
2019,2019-10-21,5.769,5.7794,6.4202,6.4318,7.4219,7.4606
2019,2019-10-22,5.8124,5.8228,6.4894,6.5011,7.5271,7.5663
2019,2019-10-23,5.8303,5.8408,6.4969,6.5086,7.5349,7.5742
2019,2019-10-24,5.7712,5.7816,6.4158,6.4274,7.41,7.4486
2019,2019-10-25,5.7417,5.752,6.392,6.4036,7.3942,7.4328
2019,2019-10-26,,,,,,
2019,2019-10-27,,,,,,
2019,2019-10-28,5.7584,5.7688,6.3996,6.4111,7.3801,7.4185
2019,2019-10-29,,,,,,
2019,2019-10-30,5.7584,5.7688,6.3996,6.4111,7.3801,7.4185
2019,2019-10-31,5.7363,5.7466,6.3772,6.3887,7.3803,7.4188
2019,2019-11-01,5.7083,5.7186,6.3715,6.383,7.3761,7.4146
2019,2019-11-02,,,,,,
2019,2019-11-03,,,,,,
2019,2019-11-04,5.7188,5.7291,6.3803,6.3918,7.3988,7.4374
2019,2019-11-05,5.6832,5.6934,6.3458,6.3573,7.3341,7.3724
2019,2019-11-06,5.7282,5.7386,6.374,6.3855,7.3743,7.4128
2019,2019-11-07,5.748,5.7584,6.3714,6.3829,7.3942,7.4328
2019,2019-11-08,5.7366,5.747,6.3547,6.3662,7.3647,7.4031
2019,2019-11-09,,,,,,
2019,2019-11-10,,,,,,
2019,2019-11-11,5.7429,5.7532,6.3412,6.3526,7.3445,7.3828
2019,2019-11-12,5.7704,5.7808,6.3641,6.3756,7.3795,7.418
2019,2019-11-13,5.7665,5.7769,6.3586,6.3701,7.3917,7.4302
2019,2019-11-14,5.7573,5.7676,6.3395,6.3509,7.3847,7.4232
2019,2019-11-15,5.757,5.7674,6.333,6.3444,7.3816,7.4201
2019,2019-11-16,,,,,,
2019,2019-11-17,,,,,,
2019,2019-11-18,5.747,5.7573,6.3352,6.3466,7.3881,7.4267
2019,2019-11-19,5.7303,5.7407,6.3378,6.3492,7.4083,7.4469
2019,2019-11-20,5.7153,5.7256,6.3279,6.3393,7.3888,7.4273
2019,2019-11-21,5.6964,5.7066,6.3027,6.3141,7.3388,7.3771
2019,2019-11-22,5.6896,5.6998,6.3047,6.3161,7.3497,7.388
2019,2019-11-23,,,,,,
2019,2019-11-24,,,,,,
2019,2019-11-25,5.6919,5.7021,6.2979,6.3093,7.3288,7.367
2019,2019-11-26,5.7191,5.7294,6.3026,6.3139,7.3501,7.3884
2019,2019-11-27,5.7383,5.7486,6.3214,6.3327,7.3753,7.4138
2019,2019-11-28,5.7528,5.7632,6.333,6.3444,7.3862,7.4247
2019,2019-11-29,5.7579,5.7682,6.3396,6.3511,7.4361,7.4748
2019,2019-11-30,,,,,,
2019,2019-12-01,,,,,,
2019,2019-12-02,5.7403,5.7507,6.3175,6.3289,7.3943,7.4328
2019,2019-12-03,5.7426,5.7529,6.3246,6.336,7.4027,7.4413
2019,2019-12-04,5.7365,5.7468,6.3552,6.3666,7.432,7.4708
2019,2019-12-05,5.736,5.7463,6.3529,6.3643,7.4632,7.5021
2019,2019-12-06,5.7488,5.7591,6.3738,6.3853,7.5361,7.5754
2019,2019-12-07,,,,,,
2019,2019-12-08,,,,,,
2019,2019-12-09,5.7479,5.7582,6.3805,6.392,7.5397,7.579
2019,2019-12-10,5.7905,5.801,6.4083,6.4199,7.6108,7.6505
2019,2019-12-11,5.7987,5.8092,6.4218,6.4333,7.6191,7.6588
2019,2019-12-12,5.7982,5.8086,6.4267,6.4383,7.6047,7.6443
2019,2019-12-13,5.7875,5.798,6.4434,6.455,7.6268,7.6665
2019,2019-12-14,,,,,,
2019,2019-12-15,,,,,,
2019,2019-12-16,5.7726,5.783,6.4503,6.4619,7.7284,7.7687
2019,2019-12-17,5.8344,5.8449,6.4993,6.511,7.7898,7.8304
2019,2019-12-18,5.8558,5.8664,6.529,6.5408,7.7292,7.7695
2019,2019-12-19,5.8991,5.9097,6.5671,6.5789,7.717,7.7572
2019,2019-12-20,5.9252,5.9359,6.5963,6.6081,7.7465,7.7869
2019,2019-12-21,,,,,,
2019,2019-12-22,,,,,,
2019,2019-12-23,5.9115,5.9222,6.5704,6.5823,7.6902,7.7303
2019,2019-12-24,5.9291,5.9398,6.5714,6.5832,7.6979,7.7381
2019,2019-12-25,5.9364,5.9471,6.5773,6.5892,7.6664,7.7064
2019,2019-12-26,5.9293,5.94,6.5755,6.5874,7.6773,7.7173
2019,2019-12-27,5.9302,5.9409,6.5759,6.5878,7.6854,7.7255
2019,2019-12-28,,,,,,
2019,2019-12-29,,,,,,
2019,2019-12-30,5.937,5.9477,6.6117,6.6236,7.7375,7.7778
2019,2019-12-31,5.9402,5.9509,6.6506,6.6625,7.7765,7.8171
2020,2020-01-01,,,,,,
2020,2020-01-02,5.94,5.9507,6.6621,6.6741,7.8013,7.842
2020,2020-01-03,5.9478,5.9585,6.663,6.675,7.8464,7.8873
2020,2020-01-04,,,,,,
2020,2020-01-05,,,,,,
2020,2020-01-06,5.9627,5.9734,6.6464,6.6584,7.79,7.8306
2020,2020-01-07,5.9658,5.9766,6.6718,6.6838,7.8134,7.8542
2020,2020-01-08,5.9594,5.9701,6.6628,6.6748,7.8303,7.8711
2020,2020-01-09,5.9571,5.9679,6.6355,6.6474,7.8106,7.8513
2020,2020-01-10,5.881,5.8916,6.5336,6.5454,7.6719,7.7119
2020,2020-01-11,,,,,,
2020,2020-01-12,,,,,,
2020,2020-01-13,5.8713,5.8819,6.517,6.5288,7.6595,7.6994
2020,2020-01-14,5.8529,5.8635,6.5096,6.5213,7.5913,7.6309
2020,2020-01-15,5.8811,5.8917,6.5495,6.5613,7.6222,7.662
2020,2020-01-16,5.8827,5.8933,6.5504,6.5622,7.6428,7.6827
2020,2020-01-17,5.8684,5.879,6.5458,6.5576,7.6458,7.6857
2020,2020-01-18,,,,,,
2020,2020-01-19,,,,,,
2020,2020-01-20,5.8564,5.867,6.5172,6.5289,7.6396,7.6794
2020,2020-01-21,5.8979,5.9085,6.5412,6.553,7.6458,7.6856
2020,2020-01-22,5.9191,5.9297,6.568,6.5798,7.6976,7.7378
2020,2020-01-23,5.9293,5.94,6.5723,6.5841,7.7334,7.7737
2020,2020-01-24,5.9152,5.9259,6.5585,6.5703,7.7552,7.7957
2020,2020-01-25,,,,,,
2020,2020-01-26,,,,,,
2020,2020-01-27,5.9288,5.9394,6.5473,6.5591,7.7616,7.8021
2020,2020-01-28,5.9371,5.9478,6.5471,6.5589,7.7541,7.7945
2020,2020-01-29,5.9334,5.9441,6.5369,6.5487,7.7133,7.7535
2020,2020-01-30,5.9405,5.9512,6.5371,6.5489,7.719,7.7592
2020,2020-01-31,5.9716,5.9824,6.5782,6.5901,7.7598,7.8002
2020,2020-02-01,,,,,,
2020,2020-02-02,,,,,,
2020,2020-02-03,5.9726,5.9833,6.5864,6.5983,7.8223,7.8631
2020,2020-02-04,5.9755,5.9863,6.6154,6.6273,7.8164,7.8571
2020,2020-02-05,5.9714,5.9822,6.6017,6.6136,7.7461,7.7865
2020,2020-02-06,5.976,5.9867,6.5918,6.6036,7.7834,7.824
2020,2020-02-07,5.9783,5.9891,6.5761,6.588,7.7438,7.7842
2020,2020-02-08,,,,,,
2020,2020-02-09,,,,,,
2020,2020-02-10,5.9776,5.9884,6.5518,6.5636,7.7172,7.7574
2020,2020-02-11,5.9951,6.0059,6.5644,6.5762,7.7231,7.7634
2020,2020-02-12,6.0271,6.038,6.5777,6.5896,7.7741,7.8146
2020,2020-02-13,6.0215,6.0324,6.5729,6.5848,7.7979,7.8385
2020,2020-02-14,6.0459,6.0568,6.5754,6.5873,7.8298,7.8706
2020,2020-02-15,,,,,,
2020,2020-02-16,,,,,,
2020,2020-02-17,6.047,6.0579,6.555,6.5668,7.8718,7.9129
2020,2020-02-18,6.0351,6.046,6.5435,6.5553,7.8532,7.8942
2020,2020-02-19,6.0578,6.0687,6.5596,6.5714,7.8646,7.9056
2020,2020-02-20,6.0581,6.069,6.5428,6.5546,7.8594,7.9004
2020,2020-02-21,6.0824,6.0934,6.5654,6.5772,7.8286,7.8694
2020,2020-02-22,,,,,,
2020,2020-02-23,,,,,,
2020,2020-02-24,6.1023,6.1133,6.5922,6.6041,7.8659,7.9069
2020,2020-02-25,6.1383,6.1494,6.6409,6.6529,7.9161,7.9574
2020,2020-02-26,6.1218,6.1328,6.6416,6.6535,7.9245,7.9658
2020,2020-02-27,6.1463,6.1574,6.689,6.7011,7.9521,7.9935
2020,2020-02-28,6.1593,6.1704,6.7344,6.7465,7.935,7.9764
2020,2020-02-29,,,,,,
2020,2020-03-01,,,,,,
2020,2020-03-02,6.2259,6.2371,6.8592,6.8716,8.0068,8.0485
2020,2020-03-03,6.2192,6.2304,6.8903,6.9027,7.9419,7.9833
2020,2020-03-04,6.1943,6.2055,6.8889,6.9013,7.9065,7.9477
2020,2020-03-05,6.0904,6.1014,6.7927,6.8049,7.7777,7.8182
2020,2020-03-06,6.0772,6.0882,6.778,6.7902,7.8265,7.8673
2020,2020-03-07,,,,,,
2020,2020-03-08,,,,,,
2020,2020-03-09,6.0821,6.093,6.8604,6.8728,7.8841,7.9252
2020,2020-03-10,6.1098,6.1208,6.9735,6.986,8.005,8.0468
2020,2020-03-11,6.1151,6.1261,6.9455,6.958,7.966,8.0075
2020,2020-03-12,6.1502,6.1613,6.9669,6.9795,7.938,7.9794
2020,2020-03-13,6.2264,6.2376,7.0139,7.0265,7.9376,7.9789
2020,2020-03-14,,,,,,
2020,2020-03-15,,,,,,
2020,2020-03-16,6.2711,6.2824,7.0099,7.0226,7.869,7.9101
2020,2020-03-17,6.3628,6.3743,7.1143,7.1271,7.8231,7.8639
2020,2020-03-18,6.4528,6.4644,7.1564,7.1693,7.8385,7.8793
2020,2020-03-19,6.4512,6.4628,7.0871,7.0999,7.7366,7.7769
2020,2020-03-20,6.5154,6.5271,7.055,7.0678,7.5016,7.5407
2020,2020-03-21,,,,,,
2020,2020-03-22,,,,,,
2020,2020-03-23,6.4839,6.4956,6.9737,6.9863,7.6265,7.6662
2020,2020-03-24,6.5864,6.5983,7.0484,7.0611,7.6354,7.6753
2020,2020-03-25,6.4943,6.506,7.0455,7.0582,7.5874,7.6269
2020,2020-03-26,6.4024,6.4139,6.9271,6.9396,7.6005,7.6401
2020,2020-03-27,6.456,6.4676,7.061,7.0737,7.6813,7.7214
2020,2020-03-28,,,,,,
2020,2020-03-29,,,,,,
2020,2020-03-30,6.4346,6.4462,7.0896,7.1024,7.8483,7.8892
2020,2020-03-31,6.516,6.5277,7.215,7.228,8.0579,8.1
2020,2020-04-01,6.5696,6.5815,7.2107,7.2237,8.0894,8.1315
2020,2020-04-02,6.6428,6.6548,7.2756,7.2887,8.2002,8.2429
2020,2020-04-03,6.6672,6.6792,7.2849,7.298,8.2724,8.3155
2020,2020-04-04,,,,,,
2020,2020-04-05,,,,,,
2020,2020-04-06,6.6903,6.7024,7.2279,7.2409,8.2228,8.2657
2020,2020-04-07,6.7549,6.7671,7.299,7.3121,8.2941,8.3373
2020,2020-04-08,6.7375,6.7496,7.3253,7.3385,8.2889,8.3321
2020,2020-04-09,6.7705,6.7827,7.3544,7.3676,8.3321,8.3756
2020,2020-04-10,6.7382,6.7504,7.3235,7.3367,8.3501,8.3936
2020,2020-04-11,,,,,,
2020,2020-04-12,,,,,,
2020,2020-04-13,6.6877,6.6998,7.3176,7.3308,8.3293,8.3728
2020,2020-04-14,6.7618,6.774,7.3954,7.4087,8.4407,8.4847
2020,2020-04-15,6.7752,6.7874,7.4118,7.4252,8.4938,8.5381
2020,2020-04-16,6.8505,6.8628,7.4871,7.5006,8.562,8.6066
2020,2020-04-17,6.9073,6.9197,7.5145,7.5281,8.6108,8.6557
2020,2020-04-18,,,,,,
2020,2020-04-19,,,,,,
2020,2020-04-20,6.913,6.9255,7.4906,7.5041,8.5938,8.6387
2020,2020-04-21,6.9082,6.9207,7.5077,7.5213,8.5937,8.6385
2020,2020-04-22,6.9593,6.9719,7.5398,7.5534,8.5896,8.6344
2020,2020-04-23,,,,,,
2020,2020-04-24,6.9708,6.9833,7.5729,7.5866,8.592,8.6368
2020,2020-04-25,,,,,,
2020,2020-04-26,,,,,,
2020,2020-04-27,6.9589,6.9715,7.4903,7.5037,8.5673,8.6119
2020,2020-04-28,6.9675,6.9801,7.559,7.5726,8.6508,8.6959
2020,2020-04-29,6.9881,7.0006,7.5877,7.6014,8.6996,8.745
2020,2020-04-30,6.9787,6.9913,7.5764,7.5901,8.6599,8.7051
2020,2020-05-01,,,,,,
2020,2020-05-02,,,,,,
2020,2020-05-03,,,,,,
2020,2020-05-04,6.9719,6.9845,7.5827,7.5963,8.6924,8.7377
2020,2020-05-05,7.0151,7.0278,7.6739,7.6877,8.7124,8.7579
2020,2020-05-06,7.055,7.0677,7.6624,7.6762,8.7683,8.814
2020,2020-05-07,7.1334,7.1463,7.7112,7.7251,8.8276,8.8736
2020,2020-05-08,7.2209,7.2339,7.7944,7.8084,8.9143,8.9608
2020,2020-05-09,,,,,,
2020,2020-05-10,,,,,,
2020,2020-05-11,7.096,7.1088,7.6894,7.7033,8.7724,8.8181
2020,2020-05-12,7.0676,7.0803,7.6509,7.6646,8.7204,8.7659
2020,2020-05-13,7.0121,7.0248,7.5922,7.6058,8.639,8.684
2020,2020-05-14,6.9789,6.9915,7.5735,7.5871,8.5641,8.6088
2020,2020-05-15,6.9543,6.9668,7.5122,7.5257,8.4708,8.5149
2020,2020-05-16,,,,,,
2020,2020-05-17,,,,,,
2020,2020-05-18,6.9041,6.9166,7.4624,7.4759,8.4063,8.4501
2020,2020-05-19,,,,,,
2020,2020-05-20,6.8596,6.872,7.4185,7.4319,8.2994,8.3426
2020,2020-05-21,6.7841,6.7963,7.428,7.4414,8.2964,8.3396
2020,2020-05-22,6.7883,6.8005,7.4499,7.4634,8.2788,8.322
2020,2020-05-23,,,,,,
2020,2020-05-24,,,,,,
2020,2020-05-25,,,,,,
2020,2020-05-26,,,,,,
2020,2020-05-27,6.7917,6.804,7.4065,7.4198,8.2592,8.3023
2020,2020-05-28,6.7607,6.7729,7.4299,7.4433,8.3127,8.356
2020,2020-05-29,6.7894,6.8016,7.4738,7.4872,8.3063,8.3496
2020,2020-05-30,,,,,,
2020,2020-05-31,,,,,,
2020,2020-06-01,6.8138,6.826,7.577,7.5907,8.3838,8.4276
2020,2020-06-02,6.8059,6.8181,7.5724,7.5861,8.4224,8.4663
2020,2020-06-03,6.7817,6.7939,7.5654,7.579,8.4923,8.5366
2020,2020-06-04,6.7308,6.7429,7.5439,7.5575,8.4541,8.4982
2020,2020-06-05,6.7476,6.7598,7.5677,7.5814,8.4409,8.4849
2020,2020-06-06,,,,,,
2020,2020-06-07,,,,,,
2020,2020-06-08,6.7573,6.7695,7.6644,7.6782,8.5318,8.5762
2020,2020-06-09,6.7714,6.7836,7.6448,7.6586,8.5671,8.6118
2020,2020-06-10,6.7828,6.7951,7.6453,7.6591,8.5733,8.618
2020,2020-06-11,6.7777,6.7899,7.7032,7.717,8.6384,8.6834
2020,2020-06-12,6.7827,6.7949,7.7125,7.7264,8.587,8.6317
2020,2020-06-13,,,,,,
2020,2020-06-14,,,,,,
2020,2020-06-15,6.8142,6.8265,7.7097,7.7236,8.5848,8.6296
2020,2020-06-16,6.822,6.8343,7.6741,7.6879,8.5255,8.57
2020,2020-06-17,6.8254,6.8377,7.7306,7.7446,8.6167,8.6616
2020,2020-06-18,6.8333,6.8456,7.6884,7.7023,8.5664,8.6111
2020,2020-06-19,6.845,6.8573,7.6992,7.7131,8.5501,8.5947
2020,2020-06-20,,,,,,
2020,2020-06-21,,,,,,
2020,2020-06-22,6.844,6.8563,7.6739,7.6877,8.4802,8.5244
2020,2020-06-23,6.8422,6.8545,7.6713,7.6851,8.4723,8.5165
2020,2020-06-24,6.844,6.8563,7.7278,7.7418,8.5213,8.5657
2020,2020-06-25,6.8452,6.8575,7.7363,7.7503,8.545,8.5896
2020,2020-06-26,6.8434,6.8558,7.6796,7.6935,8.4942,8.5385
2020,2020-06-27,,,,,,
2020,2020-06-28,,,,,,
2020,2020-06-29,6.8417,6.854,7.6776,7.6914,8.4717,8.5158
2020,2020-06-30,6.8422,6.8545,7.7082,7.7221,8.4282,8.4721
2020,2020-07-01,6.8432,6.8555,7.672,7.6858,8.3844,8.4281
2020,2020-07-02,6.8432,6.8555,7.6774,7.6912,8.4644,8.5085
2020,2020-07-03,6.8428,6.8552,7.7211,7.735,8.5454,8.59
2020,2020-07-04,,,,,,
2020,2020-07-05,,,,,,
2020,2020-07-06,6.8422,6.8545,7.6859,7.6998,8.5109,8.5553
2020,2020-07-07,6.8467,6.859,7.7356,7.7495,8.542,8.5865
2020,2020-07-08,6.8519,6.8642,7.73,7.7439,8.5427,8.5872
2020,2020-07-09,6.8523,6.8647,7.7308,7.7447,8.5788,8.6235
2020,2020-07-10,6.853,6.8654,7.7688,7.7828,8.65,8.6951
2020,2020-07-11,,,,,,
2020,2020-07-12,,,,,,
2020,2020-07-13,6.8514,6.8638,7.7309,7.7448,8.617,8.6619
2020,2020-07-14,6.8528,6.8652,7.76,7.774,8.632,8.677
2020,2020-07-15,,,,,,
2020,2020-07-16,6.8524,6.8648,7.7815,7.7955,8.569,8.6137
2020,2020-07-17,6.845,6.8573,7.8021,7.8162,8.5697,8.6144
2020,2020-07-18,,,,,,
2020,2020-07-19,,,,,,
2020,2020-07-20,6.8439,6.8563,7.8083,7.8223,8.5749,8.6196
2020,2020-07-21,6.8438,6.8562,7.8391,7.8532,8.6017,8.6466
2020,2020-07-22,6.8429,6.8553,7.8296,7.8437,8.6695,8.7147
2020,2020-07-23,6.8372,6.8495,7.893,7.9072,8.658,8.7031
2020,2020-07-24,6.8348,6.8471,7.9191,7.9333,8.6796,8.7248
2020,2020-07-25,,,,,,
2020,2020-07-26,,,,,,
2020,2020-07-27,6.8353,6.8476,7.9298,7.9441,8.693,8.7384
2020,2020-07-28,6.8364,6.8487,8.0074,8.0219,8.7676,8.8133
2020,2020-07-29,6.8846,6.897,8.07,8.0845,8.8447,8.8908
2020,2020-07-30,6.9372,6.9497,8.1481,8.1628,8.976,9.0228
2020,2020-07-31,,,,,,
2020,2020-08-01,,,,,,
2020,2020-08-02,,,,,,
2020,2020-08-03,,,,,,
2020,2020-08-04,6.9372,6.9497,8.1481,8.1628,8.976,9.0228
2020,2020-08-05,6.9334,6.9459,8.1676,8.1823,9.0383,9.0854
2020,2020-08-06,6.9872,6.9998,8.2718,8.2867,9.148,9.1957
2020,2020-08-07,7.1593,7.1722,8.486,8.5012,9.4092,9.4582
2020,2020-08-08,,,,,,
2020,2020-08-09,,,,,,
2020,2020-08-10,7.2661,7.2792,8.5939,8.6093,9.4985,9.548
2020,2020-08-11,7.2996,7.3128,8.585,8.6005,9.5104,9.56
2020,2020-08-12,7.2483,7.2613,8.5299,8.5453,9.4714,9.5208
2020,2020-08-13,7.2865,7.2996,8.5658,8.5813,9.4873,9.5368
2020,2020-08-14,7.3147,7.3278,8.6564,8.672,9.5556,9.6054
2020,2020-08-15,,,,,,
2020,2020-08-16,,,,,,
2020,2020-08-17,7.3445,7.3577,8.671,8.6866,9.5906,9.6406
2020,2020-08-18,7.3677,7.381,8.7328,8.7486,9.6336,9.6838
2020,2020-08-19,7.3679,7.3812,8.7678,8.7836,9.6839,9.7344
2020,2020-08-20,7.3477,7.3609,8.771,8.7868,9.7074,9.758
2020,2020-08-21,7.2952,7.3083,8.6389,8.6545,9.5484,9.5982
2020,2020-08-22,,,,,,
2020,2020-08-23,,,,,,
2020,2020-08-24,7.2156,7.2286,8.5281,8.5435,9.4965,9.546
2020,2020-08-25,7.3372,7.3504,8.6764,8.6921,9.6069,9.657
2020,2020-08-26,7.3674,7.3807,8.708,8.7237,9.6436,9.6939
2020,2020-08-27,7.3459,7.3591,8.6755,8.6911,9.6422,9.6924
2020,2020-08-28,7.3174,7.3306,8.6521,8.6677,9.6464,9.6967
2020,2020-08-29,,,,,,
2020,2020-08-30,,,,,,
2020,2020-08-31,7.305,7.3182,8.6897,8.7054,9.6867,9.7372
2020,2020-09-01,7.3261,7.3393,8.7284,8.7441,9.7421,9.7929
2020,2020-09-02,7.3421,7.3553,8.7979,8.8137,9.851,9.9024
2020,2020-09-03,7.3563,7.3696,8.7321,8.7479,9.8064,9.8576
2020,2020-09-04,7.3994,7.4127,8.7435,8.7593,9.8108,9.8619
2020,2020-09-05,,,,,,
2020,2020-09-06,,,,,,
2020,2020-09-07,7.4133,7.4267,8.7822,8.798,9.8311,9.8824
2020,2020-09-08,7.4349,7.4483,8.7938,8.8097,9.7883,9.8394
2020,2020-09-09,7.4537,7.4672,8.7994,8.8152,9.742,9.7928
2020,2020-09-10,7.467,7.4805,8.7855,8.8013,9.6402,9.6905
2020,2020-09-11,7.4553,7.4688,8.8228,8.8387,9.68,9.7305
2020,2020-09-12,,,,,,
2020,2020-09-13,,,,,,
2020,2020-09-14,7.4396,7.453,8.8172,8.833,9.5181,9.5677
2020,2020-09-15,7.4689,7.4823,8.858,8.8739,9.5837,9.6336
2020,2020-09-16,7.4668,7.4803,8.8759,8.8918,9.6084,9.6585
2020,2020-09-17,7.4678,7.4812,8.8606,8.8766,9.6406,9.6909
2020,2020-09-18,7.5152,7.5287,8.8648,8.8807,9.7159,9.7666
2020,2020-09-19,,,,,,
2020,2020-09-20,,,,,,
2020,2020-09-21,7.5344,7.548,8.9295,8.9456,9.7601,9.811
2020,2020-09-22,7.572,7.5857,8.943,8.9591,9.7362,9.787
2020,2020-09-23,7.6251,7.6389,8.9553,8.9714,9.7466,9.7974
2020,2020-09-24,7.657,7.6708,8.959,8.9752,9.7185,9.7692
2020,2020-09-25,7.663,7.6768,8.9277,8.9438,9.7419,9.7927
2020,2020-09-26,,,,,,
2020,2020-09-27,,,,,,
2020,2020-09-28,7.5546,7.5682,8.805,8.8209,9.6166,9.6667
2020,2020-09-29,7.7507,7.7647,9.0268,9.043,9.9373,9.9891
2020,2020-09-30,7.808,7.8221,9.1281,9.1446,10.0309,10.0832
2020,2020-10-01,7.7522,7.7662,9.0835,9.0999,9.9276,9.9794
2020,2020-10-02,7.6946,7.7085,9.0376,9.0539,9.8975,9.9491
2020,2020-10-03,,,,,,
2020,2020-10-04,,,,,,
2020,2020-10-05,7.7288,7.7427,9.0598,9.0761,9.9674,10.0194
2020,2020-10-06,7.7307,7.7446,9.0815,9.0978,9.9882,10.0403
2020,2020-10-07,7.7452,7.7591,9.1257,9.1421,10.0278,10.0801
2020,2020-10-08,7.8267,7.8408,9.2058,9.2224,10.0748,10.1273
2020,2020-10-09,7.8931,7.9073,9.2859,9.3027,10.1864,10.2395
2020,2020-10-10,,,,,,
2020,2020-10-11,,,,,,
2020,2020-10-12,7.9072,7.9215,9.3242,9.341,10.221,10.2743
2020,2020-10-13,7.8673,7.8815,9.2889,9.3056,10.2307,10.284
2020,2020-10-14,7.8778,7.892,9.2866,9.3033,10.2586,10.3121
2020,2020-10-15,7.9205,7.9348,9.2986,9.3154,10.2208,10.2741
2020,2020-10-16,7.9116,7.9259,9.2724,9.2891,10.2416,10.295
2020,2020-10-17,,,,,,
2020,2020-10-18,,,,,,
2020,2020-10-19,7.9129,7.9272,9.2692,9.2859,10.2075,10.2607
2020,2020-10-20,7.8778,7.892,9.253,9.2696,10.2129,10.2662
2020,2020-10-21,7.8761,7.8903,9.2874,9.3041,10.1822,10.2353
2020,2020-10-22,7.8179,7.832,9.2677,9.2844,10.18,10.233
2020,2020-10-23,7.8025,7.8166,9.2387,9.2554,10.2142,10.2674
2020,2020-10-24,,,,,,
2020,2020-10-25,,,,,,
2020,2020-10-26,7.9379,7.9522,9.3941,9.4111,10.363,10.417
2020,2020-10-27,8.0285,8.0429,9.4924,9.5095,10.4486,10.503
2020,2020-10-28,8.1211,8.1357,9.5974,9.6147,10.5639,10.619
2020,2020-10-29,,,,,,
2020,2020-10-30,8.1211,8.1357,9.5974,9.6147,10.5639,10.619
2020,2020-10-31,,,,,,
2020,2020-11-01,,,,,,
2020,2020-11-02,8.3082,8.3232,9.6985,9.716,10.7367,10.7926
2020,2020-11-03,8.376,8.3911,9.7506,9.7682,10.7892,10.8455
2020,2020-11-04,8.4546,8.4698,9.8802,9.898,10.9473,11.0044
2020,2020-11-05,8.4553,8.4705,9.8715,9.8892,10.9532,11.0103
2020,2020-11-06,8.4417,8.4569,9.9416,9.9595,10.98,11.0373
2020,2020-11-07,,,,,,
2020,2020-11-08,,,,,,
2020,2020-11-09,8.4613,8.4765,10.0279,10.046,11.0973,11.1552
2020,2020-11-10,8.1778,8.1926,9.7173,9.7348,10.7433,10.7993
2020,2020-11-11,8.2358,8.2507,9.7278,9.7453,10.8705,10.9271
2020,2020-11-12,8.0477,8.0622,9.4921,9.5092,10.66,10.7156
2020,2020-11-13,7.7896,7.8037,9.1861,9.2027,10.248,10.3014
2020,2020-11-14,,,,,,
2020,2020-11-15,,,,,,
2020,2020-11-16,7.6297,7.6435,9.0169,9.0332,10.0274,10.0797
2020,2020-11-17,7.6751,7.6889,9.093,9.1094,10.1135,10.1663
2020,2020-11-18,7.7393,7.7533,9.1836,9.2002,10.2212,10.2745
2020,2020-11-19,7.7195,7.7334,9.1701,9.1866,10.2343,10.2877
2020,2020-11-20,7.6699,7.6837,9.0783,9.0947,10.1317,10.1845
2020,2020-11-21,,,,,,
2020,2020-11-22,,,,,,
2020,2020-11-23,7.5785,7.5922,8.995,9.0112,10.0397,10.092
2020,2020-11-24,7.7593,7.7733,9.2197,9.2363,10.3438,10.3977
2020,2020-11-25,7.917,7.9313,9.3956,9.4125,10.553,10.6081
2020,2020-11-26,7.9415,7.9558,9.4499,9.4669,10.5773,10.6325
2020,2020-11-27,7.8945,7.9088,9.4067,9.4237,10.5328,10.5877
2020,2020-11-28,,,,,,
2020,2020-11-29,,,,,,
2020,2020-11-30,7.7975,7.8116,9.2988,9.3156,10.3924,10.4466
2020,2020-12-01,7.7892,7.8032,9.3306,9.3474,10.3728,10.4269
2020,2020-12-02,7.8412,7.8553,9.3868,9.4037,10.461,10.5156
2020,2020-12-03,7.808,7.8221,9.4134,9.4304,10.415,10.4693
2020,2020-12-04,7.8472,7.8614,9.5106,9.5277,10.5048,10.5595
2020,2020-12-05,,,,,,
2020,2020-12-06,,,,,,
2020,2020-12-07,7.7796,7.7936,9.4625,9.4796,10.4516,10.5061
2020,2020-12-08,7.8373,7.8514,9.4913,9.5084,10.411,10.4653
2020,2020-12-09,7.8087,7.8227,9.462,9.479,10.402,10.4562
2020,2020-12-10,7.8203,7.8344,9.484,9.5011,10.4807,10.5353
2020,2020-12-11,7.8499,7.864,9.4932,9.5103,10.4286,10.4829
2020,2020-12-12,,,,,,
2020,2020-12-13,,,,,,
2020,2020-12-14,7.9349,7.9492,9.6241,9.6414,10.4842,10.5389
2020,2020-12-15,7.8699,7.8841,9.5624,9.5797,10.5264,10.5813
2020,2020-12-16,7.8331,7.8473,9.5184,9.5355,10.4251,10.4795
2020,2020-12-17,7.7873,7.8013,9.4908,9.5079,10.497,10.5518
2020,2020-12-18,7.751,7.765,9.4817,9.4988,10.5138,10.5686
2020,2020-12-19,,,,,,
2020,2020-12-20,,,,,,
2020,2020-12-21,7.6898,7.7036,9.423,9.44,10.3841,10.4382
2020,2020-12-22,7.6769,7.6907,9.3504,9.3672,10.173,10.2261
2020,2020-12-23,7.6368,7.6505,9.3347,9.3515,10.2314,10.2848
2020,2020-12-24,7.6321,7.6458,9.303,9.3197,10.2284,10.2817
2020,2020-12-25,7.619,7.6327,9.2948,9.3116,10.3333,10.3872
2020,2020-12-26,,,,,,
2020,2020-12-27,,,,,,
2020,2020-12-28,7.5517,7.5653,9.2037,9.2203,10.223,10.2763
2020,2020-12-29,7.4738,7.4873,9.137,9.1535,10.1008,10.1535
2020,2020-12-30,7.4063,7.4197,9.0697,9.0861,9.9761,10.0281
2020,2020-12-31,7.3405,7.3537,9.0079,9.0241,9.9438,9.9957
2021,2021-01-01,,,,,,
2021,2021-01-02,,,,,,
2021,2021-01-03,,,,,,
2021,2021-01-04,7.4194,7.4327,9.1164,9.1329,10.1142,10.1669
2021,2021-01-05,7.3602,7.3734,9.0382,9.0545,10.0544,10.1069
2021,2021-01-06,7.3866,7.3999,9.0656,9.082,10.0148,10.067
2021,2021-01-07,7.33,7.3432,9.0397,9.056,9.9843,10.0364
2021,2021-01-08,7.2733,7.2864,8.9342,8.9503,9.8641,9.9156
2021,2021-01-09,,,,,,
2021,2021-01-10,,,,,,
2021,2021-01-11,7.349,7.3622,8.9968,9.013,9.9667,10.0187
2021,2021-01-12,7.4431,7.4565,9.0629,9.0792,10.029,10.0813
2021,2021-01-13,7.4608,7.4743,9.0693,9.0856,10.1082,10.1609
2021,2021-01-14,7.4285,7.4419,9.0552,9.0715,10.144,10.1968
2021,2021-01-15,7.3885,7.4018,8.9815,8.9976,10.0689,10.1214
2021,2021-01-16,,,,,,
2021,2021-01-17,,,,,,
2021,2021-01-18,7.3877,7.401,8.9635,8.9797,10.0685,10.121
2021,2021-01-19,7.4952,7.5087,9.0457,9.062,10.1348,10.1876
2021,2021-01-20,7.4485,7.4619,9.0235,9.0397,10.1194,10.1722
2021,2021-01-21,7.4367,7.4501,9.0232,9.0394,10.1559,10.2088
2021,2021-01-22,7.3836,7.3969,8.9597,8.9759,10.1128,10.1656
2021,2021-01-23,,,,,,
2021,2021-01-24,,,,,,
2021,2021-01-25,7.3985,7.4118,9.0044,9.0206,10.1006,10.1533
2021,2021-01-26,7.3797,7.393,8.9778,8.9939,10.0926,10.1452
2021,2021-01-27,7.3835,7.3968,8.955,8.9711,10.0587,10.1111
2021,2021-01-28,7.3544,7.3676,8.9276,8.9437,10.0854,10.138
2021,2021-01-29,7.3723,7.3856,8.9216,8.9377,10.0504,10.1028
2021,2021-01-30,,,,,,
2021,2021-01-31,,,,,,
2021,2021-02-01,7.3216,7.3348,8.8718,8.8878,10.01,10.0622
2021,2021-02-02,7.2185,7.2315,8.7345,8.7502,9.8916,9.9431
2021,2021-02-03,7.1372,7.1501,8.607,8.6225,9.7488,9.7996
2021,2021-02-04,7.1498,7.1627,8.5995,8.615,9.7423,9.7931
2021,2021-02-05,7.1324,7.1453,8.5559,8.5713,9.6718,9.7223
2021,2021-02-06,,,,,,
2021,2021-02-07,,,,,,
2021,2021-02-08,7.0789,7.0917,8.4764,8.4916,9.6735,9.724
2021,2021-02-09,7.0663,7.0791,8.5036,8.5189,9.6714,9.7218
2021,2021-02-10,7.0821,7.0949,8.5664,8.5818,9.7399,9.7907
2021,2021-02-11,7.0513,7.064,8.5517,8.5671,9.7395,9.7903
2021,2021-02-12,7.0404,7.0531,8.5374,8.5527,9.7222,9.7728
2021,2021-02-13,,,,,,
2021,2021-02-14,,,,,,
2021,2021-02-15,7.0162,7.0288,8.4977,8.513,9.6582,9.7086
2021,2021-02-16,6.9724,6.985,8.4607,8.476,9.6755,9.726
2021,2021-02-17,6.915,6.9275,8.4026,8.4177,9.6141,9.6642
2021,2021-02-18,7.004,7.0167,8.4558,8.471,9.7038,9.7544
2021,2021-02-19,6.9527,6.9652,8.3867,8.4019,9.6503,9.7006
2021,2021-02-20,,,,,,
2021,2021-02-21,,,,,,
2021,2021-02-22,6.9611,6.9736,8.4407,8.456,9.7226,9.7733
2021,2021-02-23,6.994,7.0066,8.475,8.4903,9.7829,9.8339
2021,2021-02-24,7.0253,7.038,8.5418,8.5572,9.8772,9.9287
2021,2021-02-25,7.1357,7.1485,8.6774,8.693,10.0912,10.1438
2021,2021-02-26,7.1924,7.2054,8.7811,8.7969,10.166,10.219
2021,2021-02-27,,,,,,
2021,2021-02-28,,,,,,
2021,2021-03-01,7.3708,7.3841,8.942,8.9581,10.2477,10.3012
2021,2021-03-02,7.3029,7.316,8.8059,8.8217,10.1758,10.2288
2021,2021-03-03,7.3117,7.3248,8.7855,8.8013,10.138,10.1909
2021,2021-03-04,7.3391,7.3524,8.8679,8.8839,10.2348,10.2882
2021,2021-03-05,7.4524,7.4659,8.9768,8.993,10.374,10.4281
2021,2021-03-06,,,,,,
2021,2021-03-07,,,,,,
2021,2021-03-08,7.5096,7.5231,8.9643,8.9804,10.3747,10.4287
2021,2021-03-09,7.5939,7.6075,9.0208,9.0371,10.482,10.5367
2021,2021-03-10,7.6403,7.654,9.0851,9.1015,10.5838,10.639
2021,2021-03-11,7.5952,7.6088,9.0315,9.0477,10.5294,10.5843
2021,2021-03-12,7.4446,7.4581,8.8995,8.9155,10.3672,10.4212
2021,2021-03-13,,,,,,
2021,2021-03-14,,,,,,
2021,2021-03-15,7.5709,7.5846,9.0326,9.0489,10.5266,10.5815
2021,2021-03-16,7.5374,7.551,8.9912,9.0073,10.4784,10.5331
2021,2021-03-17,7.5041,7.5176,8.954,8.9702,10.3687,10.4228
2021,2021-03-18,7.498,7.5115,8.9242,8.9402,10.4093,10.4636
2021,2021-03-19,7.4573,7.4708,8.9113,8.9274,10.3985,10.4527
2021,2021-03-20,,,,,,
2021,2021-03-21,,,,,,
2021,2021-03-22,7.267,7.2801,8.6566,8.6722,10.1064,10.1591
2021,2021-03-23,7.904,7.9182,9.4069,9.4239,10.9343,10.9913
2021,2021-03-24,7.8082,7.8222,9.2902,9.307,10.7583,10.8144
2021,2021-03-25,7.9666,7.9809,9.4257,9.4427,10.902,10.9588
2021,2021-03-26,7.9409,7.9552,9.3778,9.3947,10.8559,10.9125
2021,2021-03-27,,,,,,
2021,2021-03-28,,,,,,
2021,2021-03-29,7.9893,8.0037,9.415,9.4319,10.9848,11.042
2021,2021-03-30,8.1192,8.1338,9.5618,9.579,11.1957,11.254
2021,2021-03-31,8.326,8.341,9.7741,9.7917,11.4324,11.492
2021,2021-04-01,8.3258,8.3408,9.7688,9.7864,11.4411,11.5007
2021,2021-04-02,8.1707,8.1854,9.5898,9.6071,11.2369,11.2955
2021,2021-04-03,,,,,,
2021,2021-04-04,,,,,,
2021,2021-04-05,8.0362,8.0506,9.4646,9.4816,11.1005,11.1583
2021,2021-04-06,8.1394,8.154,9.5622,9.5794,11.2559,11.3146
2021,2021-04-07,8.1441,8.1588,9.6191,9.6364,11.2618,11.3205
2021,2021-04-08,8.1688,8.1836,9.7075,9.725,11.2625,11.3212
2021,2021-04-09,8.1518,8.1665,9.6808,9.6982,11.1906,11.2489
2021,2021-04-10,,,,,,
2021,2021-04-11,,,,,,
2021,2021-04-12,8.1383,8.153,9.6777,9.6951,11.1345,11.1926
2021,2021-04-13,8.1681,8.1828,9.7149,9.7324,11.2039,11.2623
2021,2021-04-14,8.1383,8.153,9.6805,9.6979,11.1674,11.2256
2021,2021-04-15,8.0729,8.0875,9.6558,9.6732,11.103,11.1609
2021,2021-04-16,8.0567,8.0712,9.647,9.6644,11.0847,11.1425
2021,2021-04-17,,,,,,
2021,2021-04-18,,,,,,
2021,2021-04-19,8.0574,8.0719,9.6524,9.6698,11.0742,11.1319
2021,2021-04-20,8.0514,8.0659,9.6802,9.6977,11.167,11.2252
2021,2021-04-21,8.1011,8.1157,9.7718,9.7894,11.3097,11.3686
2021,2021-04-22,8.1433,8.158,9.7816,9.7992,11.3258,11.3848
2021,2021-04-23,,,,,,
2021,2021-04-24,,,,,,
2021,2021-04-25,,,,,,
2021,2021-04-26,8.2694,8.2843,9.9576,9.9755,11.4841,11.544
2021,2021-04-27,8.3295,8.3445,10.0735,10.0916,11.5637,11.624
2021,2021-04-28,8.231,8.2458,9.9371,9.955,11.413,11.4725
2021,2021-04-29,8.186,8.2008,9.8799,9.8977,11.3398,11.3989
2021,2021-04-30,8.1753,8.19,9.909,9.9269,11.3852,11.4445
2021,2021-05-01,,,,,,
2021,2021-05-02,,,,,,
2021,2021-05-03,8.2311,8.2459,9.9545,9.9724,11.4327,11.4923
2021,2021-05-04,8.292,8.3069,9.9885,10.0065,11.4678,11.5275
2021,2021-05-05,8.3091,8.3241,9.9837,10.0017,11.5085,11.5685
2021,2021-05-06,8.34,8.355,10.0109,10.029,11.5744,11.6348
2021,2021-05-07,8.3062,8.3211,9.9979,10.0159,11.5309,11.591
2021,2021-05-08,,,,,,
2021,2021-05-09,,,,,,
2021,2021-05-10,8.273,8.2879,9.9879,10.0059,11.4919,11.5518
2021,2021-05-11,8.2457,8.2605,10.0284,10.0465,11.5978,11.6582
2021,2021-05-12,8.2867,8.3016,10.0727,10.0909,11.6895,11.7504
2021,2021-05-13,,,,,,
2021,2021-05-14,,,,,,
2021,2021-05-15,,,,,,
2021,2021-05-16,,,,,,
2021,2021-05-17,8.2867,8.3016,10.0727,10.0909,11.6895,11.7504
2021,2021-05-18,8.3469,8.3619,10.1403,10.1586,11.7492,11.8105
2021,2021-05-19,,,,,,
2021,2021-05-20,8.3281,8.3431,10.1667,10.185,11.8049,11.8664
2021,2021-05-21,8.3689,8.384,10.2043,10.2226,11.8009,11.8624
2021,2021-05-22,,,,,,
2021,2021-05-23,,,,,,
2021,2021-05-24,8.3554,8.3705,10.2072,10.2256,11.8423,11.9041
2021,2021-05-25,8.3811,8.3962,10.2278,10.2462,11.8318,11.8935
2021,2021-05-26,8.3947,8.4098,10.2861,10.3046,11.8826,11.9446
2021,2021-05-27,8.433,8.4482,10.3227,10.3413,11.9189,11.981
2021,2021-05-28,8.4323,8.4475,10.2849,10.3035,11.8935,11.9555
2021,2021-05-29,,,,,,
2021,2021-05-30,,,,,,
2021,2021-05-31,8.5496,8.5651,10.4147,10.4334,12.1068,12.1699
2021,2021-06-01,8.499,8.5143,10.3629,10.3816,12.0285,12.0912
2021,2021-06-02,8.5032,8.5185,10.3998,10.4185,12.0514,12.1143
2021,2021-06-03,8.6066,8.6221,10.4895,10.5084,12.1475,12.2108
2021,2021-06-04,8.6231,8.6387,10.5091,10.528,12.1996,12.2632
2021,2021-06-05,,,,,,
2021,2021-06-06,,,,,,
2021,2021-06-07,8.682,8.6976,10.516,10.535,12.2387,12.3025
2021,2021-06-08,8.6201,8.6356,10.4825,10.5014,12.1715,12.235
2021,2021-06-09,8.5891,8.6046,10.4585,10.4773,12.1276,12.1908
2021,2021-06-10,8.575,8.5904,10.4515,10.4703,12.1354,12.1987
2021,2021-06-11,8.5313,8.5467,10.3808,10.3995,12.0065,12.0691
2021,2021-06-12,,,,,,
2021,2021-06-13,,,,,,
2021,2021-06-14,8.3547,8.3697,10.1615,10.1798,11.8097,11.8713
2021,2021-06-15,8.3374,8.3524,10.0998,10.118,11.7348,11.7959
2021,2021-06-16,8.5474,8.5628,10.3646,10.3833,12.0193,12.082
2021,2021-06-17,8.5218,8.5371,10.3327,10.3513,12.007,12.0696
2021,2021-06-18,8.6243,8.6398,10.3072,10.3258,12.0265,12.0892
2021,2021-06-19,,,,,,
2021,2021-06-20,,,,,,
2021,2021-06-21,8.6646,8.6802,10.3197,10.3383,12.0129,12.0755
2021,2021-06-22,8.7497,8.7655,10.4032,10.422,12.1006,12.1637
2021,2021-06-23,8.7202,8.7359,10.3722,10.3909,12.0866,12.1496
2021,2021-06-24,8.6139,8.6294,10.2828,10.3013,12.0119,12.0745
2021,2021-06-25,8.6593,8.6749,10.3356,10.3542,12.0641,12.127
2021,2021-06-26,,,,,,
2021,2021-06-27,,,,,,
2021,2021-06-28,8.6772,8.6928,10.3646,10.3833,12.0479,12.1107
2021,2021-06-29,8.7219,8.7376,10.4077,10.4265,12.1165,12.1797
2021,2021-06-30,8.7052,8.7208,10.3645,10.3832,12.0343,12.0971
2021,2021-07-01,8.6803,8.6959,10.3249,10.3435,12.0008,12.0633
2021,2021-07-02,8.6768,8.6924,10.2889,10.3074,11.9532,12.0155
2021,2021-07-03,,,,,,
2021,2021-07-04,,,,,,
2021,2021-07-05,8.6797,8.6954,10.2657,10.2841,11.9144,11.9765
2021,2021-07-06,8.665,8.6806,10.287,10.3055,11.9824,12.0448
2021,2021-07-07,8.6515,8.6671,10.2562,10.2747,11.9722,12.0346
2021,2021-07-08,8.6657,8.6813,10.2469,10.2653,11.9457,12.008
2021,2021-07-09,8.6867,8.7024,10.2721,10.2906,11.9461,12.0084
2021,2021-07-10,,,,,,
2021,2021-07-11,,,,,,
2021,2021-07-12,8.6715,8.6872,10.2712,10.2897,11.9384,12.0007
2021,2021-07-13,8.6319,8.6475,10.2354,10.2538,11.9462,12.0085
2021,2021-07-14,8.6033,8.6188,10.1926,10.211,11.9041,11.9662
2021,2021-07-15,,,,,,
2021,2021-07-16,8.6123,8.6278,10.156,10.1743,11.9077,11.9698
2021,2021-07-17,,,,,,
2021,2021-07-18,,,,,,
2021,2021-07-19,8.5099,8.5252,10.0483,10.0664,11.742,11.8032
2021,2021-07-20,,,,,,
2021,2021-07-21,,,,,,
2021,2021-07-22,,,,,,
2021,2021-07-23,,,,,,
2021,2021-07-24,,,,,,
2021,2021-07-25,,,,,,
2021,2021-07-26,8.5099,8.5252,10.0483,10.0664,11.742,11.8032
2021,2021-07-27,8.573,8.5885,10.105,10.1232,11.789,11.8504
2021,2021-07-28,8.5604,8.5758,10.0896,10.1077,11.7875,11.8489
2021,2021-07-29,8.5446,8.56,10.0929,10.1111,11.8393,11.901
2021,2021-07-30,8.4975,8.5128,10.0862,10.1043,11.8338,11.8955
2021,2021-07-31,,,,,,
2021,2021-08-01,,,,,,
2021,2021-08-02,8.4139,8.429,10.0084,10.0264,11.7308,11.792
2021,2021-08-03,8.385,8.4001,9.9677,9.9857,11.6457,11.7064
2021,2021-08-04,8.3229,8.3379,9.8906,9.9084,11.5643,11.6246
2021,2021-08-05,8.4193,8.4344,9.9891,10.0071,11.7123,11.7734
2021,2021-08-06,8.5262,8.5416,10.0976,10.1158,11.8463,11.908
2021,2021-08-07,,,,,,
2021,2021-08-08,,,,,,
2021,2021-08-09,8.5619,8.5773,10.1149,10.1331,11.8958,11.9578
2021,2021-08-10,8.6426,8.6582,10.1622,10.1805,11.9714,12.0338
2021,2021-08-11,8.6205,8.6361,10.1112,10.1294,11.9262,11.9884
2021,2021-08-12,8.6244,8.6399,10.1014,10.1195,11.8977,11.9598
2021,2021-08-13,8.5723,8.5877,10.064,10.0821,11.8612,11.9231
2021,2021-08-14,,,,,,
2021,2021-08-15,,,,,,
2021,2021-08-16,8.5359,8.5512,10.0251,10.0431,11.7644,11.8257
2021,2021-08-17,8.4681,8.4833,9.9762,9.9941,11.7146,11.7757
2021,2021-08-18,8.4141,8.4293,9.9022,9.9201,11.5906,11.651
2021,2021-08-19,8.4632,8.4784,9.9174,9.9353,11.6189,11.6795
2021,2021-08-20,8.5111,8.5264,9.9491,9.967,11.6324,11.6931
2021,2021-08-21,,,,,,
2021,2021-08-22,,,,,,
2021,2021-08-23,8.5254,8.5407,9.9551,9.973,11.5903,11.6508
2021,2021-08-24,8.4572,8.4724,9.9144,9.9323,11.5361,11.5962
2021,2021-08-25,8.4132,8.4283,9.8728,9.8906,11.5221,11.5822
2021,2021-08-26,8.3797,8.3948,9.8404,9.8581,11.4774,11.5372
2021,2021-08-27,8.3578,8.3729,9.8352,9.8529,11.4647,11.5245
2021,2021-08-28,,,,,,
2021,2021-08-29,,,,,,
2021,2021-08-30,,,,,,
2021,2021-08-31,8.3753,8.3903,9.8494,9.8671,11.4631,11.5228
2021,2021-09-01,8.3043,8.3192,9.8228,9.8405,11.4225,11.4821
2021,2021-09-02,8.2876,8.3025,9.791,9.8086,11.3819,11.4413
2021,2021-09-03,8.2633,8.2782,9.7911,9.8087,11.3749,11.4342
2021,2021-09-04,,,,,,
2021,2021-09-05,,,,,,
2021,2021-09-06,8.295,8.3099,9.8492,9.8669,11.452,11.5117
2021,2021-09-07,8.2767,8.2916,9.8199,9.8376,11.4368,11.4964
2021,2021-09-08,8.2981,8.313,9.8506,9.8684,11.4403,11.4999
2021,2021-09-09,8.4063,8.4214,9.9394,9.9573,11.5501,11.6103
2021,2021-09-10,8.4655,8.4808,10.0142,10.0322,11.6671,11.728
2021,2021-09-11,,,,,,
2021,2021-09-12,,,,,,
2021,2021-09-13,8.4044,8.4195,9.9478,9.9658,11.64,11.7007
2021,2021-09-14,8.4441,8.4593,9.9496,9.9675,11.6493,11.71
2021,2021-09-15,8.4314,8.4466,9.9615,9.9795,11.6686,11.7294
2021,2021-09-16,8.4272,8.4424,9.9616,9.9796,11.6333,11.6939
2021,2021-09-17,8.4402,8.4554,9.9382,9.9561,11.6476,11.7083
2021,2021-09-18,,,,,,
2021,2021-09-19,,,,,,
2021,2021-09-20,8.5678,8.5832,10.0921,10.1103,11.7976,11.8592
2021,2021-09-21,8.6648,8.6804,10.1467,10.165,11.8298,11.8914
2021,2021-09-22,8.6301,8.6456,10.1272,10.1454,11.7875,11.8489
2021,2021-09-23,8.6349,8.6505,10.1291,10.1473,11.7585,11.8198
2021,2021-09-24,8.6584,8.674,10.1456,10.1639,11.8191,11.8807
2021,2021-09-25,,,,,,
2021,2021-09-26,,,,,,
2021,2021-09-27,8.824,8.8399,10.3526,10.3712,12.0717,12.1346
2021,2021-09-28,8.8355,8.8514,10.3364,10.355,12.0759,12.1389
2021,2021-09-29,8.8585,8.8745,10.3486,10.3672,12.0686,12.1315
2021,2021-09-30,8.8433,8.8592,10.3135,10.3321,11.9292,11.9914
2021,2021-10-01,8.8785,8.8945,10.2933,10.3118,11.9175,11.9797
2021,2021-10-02,,,,,,
2021,2021-10-03,,,,,,
2021,2021-10-04,8.8469,8.8628,10.2484,10.2669,11.915,11.9771
2021,2021-10-05,8.8522,8.8682,10.2822,10.3008,11.9972,12.0597
2021,2021-10-06,8.8444,8.8603,10.2583,10.2768,12.0225,12.0851
2021,2021-10-07,8.9065,8.9226,10.2876,10.3062,12.0644,12.1273
2021,2021-10-08,8.8609,8.8769,10.2469,10.2654,12.0252,12.0879
2021,2021-10-09,,,,,,
2021,2021-10-10,,,,,,
2021,2021-10-11,8.8982,8.9142,10.2832,10.3018,12.0904,12.1534
2021,2021-10-12,8.9367,8.9528,10.3398,10.3584,12.1689,12.2323
2021,2021-10-13,8.9996,9.0158,10.4026,10.4213,12.2237,12.2874
2021,2021-10-14,9.0222,9.0384,10.4268,10.4455,12.2703,12.3343
2021,2021-10-15,9.1416,9.158,10.612,10.6311,12.5098,12.5751
2021,2021-10-16,,,,,,
2021,2021-10-17,,,,,,
2021,2021-10-18,9.1993,9.2159,10.6785,10.6978,12.6071,12.6729
2021,2021-10-19,9.2667,9.2834,10.7375,10.7568,12.7042,12.7705
2021,2021-10-20,9.2845,9.3012,10.8237,10.8432,12.7928,12.8595
2021,2021-10-21,9.314,9.3307,10.8308,10.8503,12.8022,12.8689
2021,2021-10-22,9.2857,9.3024,10.8108,10.8303,12.799,12.8657
2021,2021-10-23,,,,,,
2021,2021-10-24,,,,,,
2021,2021-10-25,9.586,9.6033,11.1566,11.1767,13.199,13.2678
2021,2021-10-26,9.7362,9.7537,11.3283,11.3487,13.3814,13.4512
2021,2021-10-27,9.4575,9.4745,10.9812,11.001,13.0228,13.0907
2021,2021-10-28,9.4813,9.4984,10.998,11.0179,13.0023,13.0701
2021,2021-10-29,,,,,,
2021,2021-10-30,,,,,,
2021,2021-10-31,,,,,,
2021,2021-11-01,9.4813,9.4984,10.998,11.0179,13.0023,13.0701
2021,2021-11-02,9.5287,9.5458,11.0216,11.0415,12.9943,13.0621
2021,2021-11-03,9.5171,9.5342,11.0413,11.0612,12.9644,13.032
2021,2021-11-04,9.657,9.6744,11.1892,11.2094,13.1399,13.2084
2021,2021-11-05,9.6884,9.7059,11.199,11.2192,13.1956,13.2644
2021,2021-11-06,,,,,,
2021,2021-11-07,,,,,,
2021,2021-11-08,9.7,9.7175,11.1995,11.2197,13.0355,13.1034
2021,2021-11-09,9.6848,9.7022,11.2013,11.2215,13.0434,13.1114
2021,2021-11-10,9.7029,9.7204,11.2469,11.2672,13.1513,13.2198
2021,2021-11-11,9.7812,9.7988,11.3156,11.336,13.2194,13.2883
2021,2021-11-12,9.917,9.9349,11.3726,11.393,13.2646,13.3337
2021,2021-11-13,,,,,,
2021,2021-11-14,,,,,,
2021,2021-11-15,9.9105,9.9283,11.3448,11.3653,13.2486,13.3177
2021,2021-11-16,9.9804,9.9984,11.4282,11.4488,13.3758,13.4456
2021,2021-11-17,10.1671,10.1854,11.5606,11.5814,13.6541,13.7253
2021,2021-11-18,10.3993,10.418,11.7627,11.7839,13.9566,14.0294
2021,2021-11-19,10.6963,10.7155,12.1224,12.1443,14.4111,14.4862
2021,2021-11-20,,,,,,
2021,2021-11-21,,,,,,
2021,2021-11-22,11.0266,11.0465,12.4815,12.504,14.8155,14.8927
2021,2021-11-23,11.1712,11.1913,12.5938,12.6165,14.9805,15.0586
2021,2021-11-24,12.1556,12.1775,13.6789,13.7035,16.2331,16.3178
2021,2021-11-25,12.6082,12.6309,14.1524,14.1779,16.8244,16.9121
2021,2021-11-26,12.0001,12.0217,13.464,13.4883,15.9749,16.0582
2021,2021-11-27,,,,,,
2021,2021-11-28,,,,,,
2021,2021-11-29,12.0786,12.1004,13.5971,13.6216,16.0528,16.1365
2021,2021-11-30,12.6595,12.6823,14.2793,14.305,16.8587,16.9466
2021,2021-12-01,12.9387,12.962,14.6798,14.7062,17.2354,17.3253
2021,2021-12-02,13.3363,13.3603,15.1049,15.1321,17.7259,17.8183
2021,2021-12-03,13.4067,13.4309,15.1838,15.2112,17.812,17.9049
2021,2021-12-04,,,,,,
2021,2021-12-05,,,,,,
2021,2021-12-06,13.6801,13.7048,15.4548,15.4826,18.1352,18.2298
2021,2021-12-07,13.774,13.7988,15.5503,15.5783,18.222,18.317
2021,2021-12-08,13.6667,13.6913,15.4101,15.4378,18.0992,18.1936
2021,2021-12-09,13.6241,13.6486,15.3754,15.4031,18.001,18.0949
2021,2021-12-10,13.7432,13.7679,15.5577,15.5858,18.1087,18.2032
2021,2021-12-11,,,,,,
2021,2021-12-12,,,,,,
2021,2021-12-13,13.8346,13.8596,15.6094,15.6375,18.2387,18.3338
2021,2021-12-14,14.2465,14.2721,16.0663,16.0953,18.8303,18.9285
2021,2021-12-15,14.1745,14.2,16.0096,16.0384,18.7122,18.8097
2021,2021-12-16,14.635,14.6613,16.494,16.5237,19.3747,19.4757
2021,2021-12-17,15.2118,15.2392,17.1957,17.2267,20.1644,20.2695
2021,2021-12-18,,,,,,
2021,2021-12-19,,,,,,
2021,2021-12-20,16.3358,16.3652,18.5044,18.5377,21.7046,21.8177
2021,2021-12-21,17.4731,17.5046,19.6788,19.7143,23.0334,23.1535
2021,2021-12-22,13.0226,13.0461,14.7024,14.7289,17.2084,17.2981
2021,2021-12-23,12.4535,12.476,14.0483,14.0736,16.5162,16.6023
2021,2021-12-24,11.4508,11.4714,12.9683,12.9917,15.3095,15.3893
2021,2021-12-25,,,,,,
2021,2021-12-26,,,,,,
2021,2021-12-27,11.7278,11.7489,13.2926,13.3166,15.6985,15.7803
2021,2021-12-28,11.39,11.4105,12.8903,12.9135,15.2412,15.3207
2021,2021-12-29,11.8302,11.8515,13.4,13.4241,15.8766,15.9593
2021,2021-12-30,12.2219,12.2439,13.8011,13.8259,16.38,16.4654
2021,2021-12-31,12.9775,13.0009,14.6823,14.7088,17.453,17.544
2022,2022-01-01,,,,,,
2022,2022-01-02,,,,,,
2022,2022-01-03,13.329,13.353,15.0867,15.1139,17.9667,18.0604
2022,2022-01-04,13.4221,13.4463,15.2342,15.2616,18.1055,18.1999
2022,2022-01-05,13.1873,13.211,14.8902,14.917,17.7619,17.8545
2022,2022-01-06,13.3687,13.3928,15.1137,15.1409,18.0669,18.1611
2022,2022-01-07,13.6352,13.6598,15.4105,15.4383,18.397,18.4929
2022,2022-01-08,,,,,,
2022,2022-01-09,,,,,,
2022,2022-01-10,13.7526,13.7774,15.5501,15.5781,18.5989,18.6958
2022,2022-01-11,13.7195,13.7442,15.5443,15.5723,18.6072,18.7042
2022,2022-01-12,13.7314,13.7562,15.5689,15.597,18.6418,18.739
2022,2022-01-13,13.7209,13.7456,15.5908,15.6189,18.67,18.7673
2022,2022-01-14,13.54,13.5644,15.5177,15.5457,18.5599,18.6566
2022,2022-01-15,,,,,,
2022,2022-01-16,,,,,,
2022,2022-01-17,13.5054,13.5298,15.4799,15.5078,18.5101,18.6066
2022,2022-01-18,13.4788,13.5031,15.394,15.4217,18.4021,18.498
2022,2022-01-19,13.5109,13.5352,15.395,15.4227,18.3819,18.4777
2022,2022-01-20,13.5703,13.5947,15.3848,15.4125,18.4387,18.5348
2022,2022-01-21,13.4431,13.4673,15.2577,15.2852,18.2821,18.3775
2022,2022-01-22,,,,,,
2022,2022-01-23,,,,,,
2022,2022-01-24,13.402,13.4261,15.1892,15.2166,18.1574,18.2521
2022,2022-01-25,13.3846,13.4087,15.1506,15.1779,18.0694,18.1636
2022,2022-01-26,13.5,13.5243,15.2425,15.27,18.1596,18.2543
2022,2022-01-27,13.5029,13.5272,15.2404,15.2678,18.2062,18.3011
2022,2022-01-28,13.5932,13.6177,15.2159,15.2433,18.2046,18.2995
2022,2022-01-29,,,,,,
2022,2022-01-30,,,,,,
2022,2022-01-31,13.6066,13.6311,15.1536,15.1809,18.1861,18.2809
2022,2022-02-01,13.4015,13.4257,14.9676,14.9946,17.9683,18.062
2022,2022-02-02,13.367,13.391,15.0503,15.0774,17.9908,18.0846
2022,2022-02-03,13.4287,13.4529,15.1653,15.1926,18.1535,18.2482
2022,2022-02-04,13.5543,13.5787,15.3002,15.3278,18.3425,18.4381
2022,2022-02-05,,,,,,
2022,2022-02-06,,,,,,
2022,2022-02-07,13.5336,13.558,15.5162,15.5441,18.3391,18.4347
2022,2022-02-08,13.5429,13.5673,15.4812,15.509,18.2807,18.376
2022,2022-02-09,13.616,13.6406,15.5412,15.5692,18.4061,18.502
2022,2022-02-10,13.5675,13.5919,15.5002,15.5281,18.3765,18.4723
2022,2022-02-11,13.5322,13.5566,15.4713,15.4991,18.3151,18.4106
2022,2022-02-12,,,,,,
2022,2022-02-13,,,,,,
2022,2022-02-14,13.4933,13.5176,15.3674,15.3951,18.2544,18.3495
2022,2022-02-15,13.5378,13.5622,15.327,15.3546,18.2728,18.3681
2022,2022-02-16,13.6032,13.6277,15.4218,15.4496,18.3942,18.4901
2022,2022-02-17,13.6154,13.6399,15.4927,15.5207,18.4319,18.528
2022,2022-02-18,13.6035,13.628,15.462,15.4899,18.4676,18.5639
2022,2022-02-19,,,,,,
2022,2022-02-20,,,,,,
2022,2022-02-21,13.6118,13.6363,15.4745,15.5024,18.5103,18.6068
2022,2022-02-22,13.6123,13.6369,15.4651,15.4929,18.521,18.6176
2022,2022-02-23,13.7447,13.7695,15.5648,15.5928,18.6243,18.7214
2022,2022-02-24,13.7849,13.8097,15.6358,15.664,18.7153,18.8129
2022,2022-02-25,14.2324,14.258,15.9627,15.9914,19.1082,19.2078
2022,2022-02-26,,,,,,
2022,2022-02-27,,,,,,
2022,2022-02-28,14.0395,14.0648,15.7097,15.738,18.7694,18.8673
2022,2022-03-01,13.8286,13.8535,15.4724,15.5002,18.474,18.5703
2022,2022-03-02,13.8854,13.9104,15.5556,15.5836,18.5961,18.693
2022,2022-03-03,14.0386,14.0639,15.5729,15.601,18.6493,18.7465
2022,2022-03-04,14.112,14.1374,15.6521,15.6803,18.8607,18.9591
2022,2022-03-05,,,,,,
2022,2022-03-06,,,,,,
2022,2022-03-07,14.1766,14.2021,15.6017,15.6298,18.84,18.9382
2022,2022-03-08,14.3012,14.327,15.5309,15.5589,18.8178,18.9159
2022,2022-03-09,14.4728,14.4989,15.7502,15.7786,18.9437,19.0425
2022,2022-03-10,14.6061,14.6324,15.9918,16.0207,19.1576,19.2574
2022,2022-03-11,14.7435,14.77,16.2842,16.3135,19.3844,19.4854
2022,2022-03-12,,,,,,
2022,2022-03-13,,,,,,
2022,2022-03-14,14.9042,14.9311,16.3758,16.4053,19.4655,19.567
2022,2022-03-15,14.7624,14.789,16.1627,16.1918,19.2105,19.3107
2022,2022-03-16,14.7503,14.7769,16.217,16.2462,19.1976,19.2977
2022,2022-03-17,14.6758,14.7022,16.1254,16.1545,19.1368,19.2366
2022,2022-03-18,14.6697,14.6961,16.2065,16.2357,19.3043,19.4049
2022,2022-03-19,,,,,,
2022,2022-03-20,,,,,,
2022,2022-03-21,14.764,14.7906,16.3261,16.3555,19.3724,19.4734
2022,2022-03-22,14.816,14.8427,16.3668,16.3963,19.4454,19.5468
2022,2022-03-23,14.8041,14.8308,16.2734,16.3028,19.473,19.5745
2022,2022-03-24,14.8063,14.833,16.2985,16.3279,19.564,19.666
2022,2022-03-25,14.8234,14.8501,16.2825,16.3118,19.5109,19.6126
2022,2022-03-26,,,,,,
2022,2022-03-27,,,,,,
2022,2022-03-28,14.8068,14.8334,16.3136,16.343,19.4913,19.593
2022,2022-03-29,14.8221,14.8488,16.262,16.2913,19.4497,19.5511
2022,2022-03-30,14.7933,14.8199,16.3117,16.3411,19.3392,19.44
2022,2022-03-31,14.6458,14.6722,16.3086,16.338,19.2129,19.313
2022,2022-04-01,14.6371,14.6635,16.2855,16.3148,19.1807,19.2807
2022,2022-04-02,,,,,,
2022,2022-04-03,,,,,,
2022,2022-04-04,14.6609,14.6873,16.2145,16.2437,19.2161,19.3163
2022,2022-04-05,14.6862,14.7127,16.1796,16.2087,19.2257,19.3259
2022,2022-04-06,14.6955,14.722,16.1262,16.1552,19.2635,19.364
2022,2022-04-07,14.7176,14.7441,16.0543,16.0833,19.2205,19.3207
2022,2022-04-08,14.7289,14.7555,16.0523,16.0812,19.2342,19.3345
2022,2022-04-09,,,,,,
2022,2022-04-10,,,,,,
2022,2022-04-11,14.7213,14.7478,16.0012,16.03,19.1645,19.2644
2022,2022-04-12,14.7162,14.7427,16.0497,16.0787,19.1417,19.2415
2022,2022-04-13,14.6633,14.6897,15.933,15.9617,19.0482,19.1475
2022,2022-04-14,14.5604,14.5866,15.7713,15.7997,18.8964,18.9949
2022,2022-04-15,14.5933,14.6196,15.9114,15.9401,19.1323,19.232
2022,2022-04-16,,,,,,
2022,2022-04-17,,,,,,
2022,2022-04-18,14.6181,14.6444,15.8056,15.8341,19.0706,19.17
2022,2022-04-19,14.6252,14.6515,15.7912,15.8196,19.0113,19.1104
2022,2022-04-20,14.6343,14.6607,15.801,15.8295,19.0261,19.1253
2022,2022-04-21,14.6424,14.6688,15.8633,15.8919,19.0507,19.15
2022,2022-04-22,14.6605,14.6869,15.9909,16.0197,19.1189,19.2185
2022,2022-04-23,,,,,,
2022,2022-04-24,,,,,,
2022,2022-04-25,14.7068,14.7333,15.9017,15.9304,18.9495,19.0483
2022,2022-04-26,14.7439,14.7705,15.8262,15.8547,18.7454,18.8431
2022,2022-04-27,14.767,14.7936,15.7779,15.8063,18.744,18.8417
2022,2022-04-28,14.7962,14.8229,15.6941,15.7224,18.5696,18.6664
2022,2022-04-29,14.7798,14.8064,15.5448,15.5728,18.4517,18.5479
2022,2022-04-30,,,,,,
2022,2022-05-01,,,,,,
2022,2022-05-02,,,,,,
2022,2022-05-03,,,,,,
2022,2022-05-04,,,,,,
2022,2022-05-05,14.7852,14.8118,15.6139,15.642,18.5317,18.6283
2022,2022-05-06,14.8313,14.858,15.7054,15.7337,18.5428,18.6394
2022,2022-05-07,,,,,,
2022,2022-05-08,,,,,,
2022,2022-05-09,14.8978,14.9247,15.7147,15.743,18.3393,18.4349
2022,2022-05-10,14.974,15.001,15.7587,15.7871,18.399,18.495
2022,2022-05-11,15.1926,15.2199,16.0374,16.0663,18.7051,18.8026
2022,2022-05-12,15.2882,15.3157,16.133,16.1621,18.8562,18.9545
2022,2022-05-13,15.3526,15.3802,16.0354,16.0643,18.6918,18.7892
2022,2022-05-14,,,,,,
2022,2022-05-15,,,,,,
2022,2022-05-16,15.4378,15.4656,16.0455,16.0744,18.804,18.902
2022,2022-05-17,15.5639,15.5919,16.2166,16.2458,19.0167,19.1159
2022,2022-05-18,15.7886,15.8171,16.5628,16.5926,19.6206,19.7229
2022,2022-05-19,,,,,,
2022,2022-05-20,15.9205,15.9492,16.7425,16.7727,19.7183,19.8211
2022,2022-05-21,,,,,,
2022,2022-05-22,,,,,,
2022,2022-05-23,15.9249,15.9536,16.8483,16.8786,19.8372,19.9406
2022,2022-05-24,15.8494,15.878,16.8698,16.9002,19.8901,19.9938
2022,2022-05-25,16.0846,16.1135,17.2255,17.2565,20.1116,20.2165
2022,2022-05-26,16.267,16.2963,17.366,17.3973,20.3254,20.4314
2022,2022-05-27,16.3681,16.3975,17.5101,17.5417,20.5722,20.6794
2022,2022-05-28,,,,,,
2022,2022-05-29,,,,,,
2022,2022-05-30,16.3479,16.3773,17.527,17.5585,20.5837,20.691
2022,2022-05-31,16.3562,16.3857,17.6019,17.6336,20.6338,20.7414
2022,2022-06-01,16.3876,16.4171,17.5702,17.6019,20.612,20.7195
2022,2022-06-02,16.4127,16.4423,17.5916,17.6233,20.6236,20.7311
2022,2022-06-03,16.439,16.4686,17.57,17.6017,20.5782,20.6855
2022,2022-06-04,,,,,,
2022,2022-06-05,,,,,,
2022,2022-06-06,16.4765,16.5062,17.7066,17.7385,20.6759,20.7837
2022,2022-06-07,16.5588,16.5887,17.7785,17.8105,20.7582,20.8664
2022,2022-06-08,16.7084,16.7385,17.8408,17.873,20.8323,20.9409
2022,2022-06-09,17.0925,17.1232,18.2931,18.326,21.4047,21.5163
2022,2022-06-10,17.1985,17.2295,18.43,18.4633,21.4999,21.612
2022,2022-06-11,,,,,,
2022,2022-06-12,,,,,,
2022,2022-06-13,17.0589,17.0896,18.0924,18.125,21.2223,21.333
2022,2022-06-14,17.2344,17.2654,18.0353,18.0678,21.0141,21.1237
2022,2022-06-15,17.2343,17.2653,18.0055,18.0379,20.864,20.9728
2022,2022-06-16,17.2568,17.2879,18.0818,18.1144,20.801,20.9094
2022,2022-06-17,17.288,17.3191,17.984,18.0164,20.9292,21.0383
2022,2022-06-18,,,,,,
2022,2022-06-19,,,,,,
2022,2022-06-20,17.2905,17.3216,18.173,18.2057,21.2148,21.3254
2022,2022-06-21,17.3113,17.3425,18.2219,18.2547,21.1611,21.2714
2022,2022-06-22,17.3168,17.348,18.2799,18.3128,21.2428,21.3535
2022,2022-06-23,17.3301,17.3613,18.2142,18.247,21.1595,21.2698
2022,2022-06-24,17.347,17.3782,18.2455,18.2784,21.1432,21.2534
2022,2022-06-25,,,,,,
2022,2022-06-26,,,,,,
2022,2022-06-27,17.3478,17.3791,18.2753,18.3083,21.2696,21.3805
2022,2022-06-28,16.646,16.676,17.6057,17.6375,20.4246,20.5311
2022,2022-06-29,16.6189,16.6488,17.5858,17.6175,20.3442,20.4503
2022,2022-06-30,16.669,16.6991,17.5221,17.5536,20.2527,20.3583
2022,2022-07-01,16.6614,16.6914,17.3701,17.4014,20.1752,20.2804
2022,2022-07-02,,,,,,
2022,2022-07-03,,,,,,
2022,2022-07-04,16.7155,16.7456,17.4703,17.5018,20.1631,20.2682
2022,2022-07-05,16.7935,16.8237,17.5322,17.5638,20.3311,20.4371
2022,2022-07-06,16.9369,16.9674,17.5036,17.5351,20.3737,20.4799
2022,2022-07-07,17.1818,17.2128,17.5783,17.61,20.4812,20.588
2022,2022-07-08,17.2601,17.2912,17.5988,17.6305,20.6267,20.7343
2022,2022-07-09,,,,,,
2022,2022-07-10,,,,,,
2022,2022-07-11,,,,,,
2022,2022-07-12,,,,,,
2022,2022-07-13,17.2601,17.2912,17.5988,17.6305,20.6267,20.7343
2022,2022-07-14,17.3913,17.4226,17.4693,17.5007,20.676,20.7838
2022,2022-07-15,,,,,,
2022,2022-07-16,,,,,,
2022,2022-07-17,,,,,,
2022,2022-07-18,17.4581,17.4896,17.4977,17.5292,20.6437,20.7513
2022,2022-07-19,17.4635,17.495,17.7083,17.7402,20.8428,20.9515
2022,2022-07-20,17.5425,17.5741,17.9559,17.9883,21.0342,21.1438
2022,2022-07-21,17.5605,17.5922,17.9549,17.9873,21.0309,21.1406
2022,2022-07-22,17.6282,17.6599,17.966,17.9984,21.0285,21.1381
2022,2022-07-23,,,,,,
2022,2022-07-24,,,,,,
2022,2022-07-25,17.711,17.7429,18.0087,18.0412,21.1382,21.2484
2022,2022-07-26,17.8011,17.8331,18.1927,18.2255,21.3762,21.4876
2022,2022-07-27,17.8335,17.8656,18.16,18.1927,21.3977,21.5093
2022,2022-07-28,17.8701,17.9023,18.1286,18.1613,21.5111,21.6232
2022,2022-07-29,17.9044,17.9367,18.2176,18.2504,21.7198,21.833
2022,2022-07-30,,,,,,
2022,2022-07-31,,,,,,
2022,2022-08-01,17.8939,17.9261,18.2977,18.3307,21.767,21.8805
2022,2022-08-02,17.9254,17.9577,18.3644,18.3975,21.8731,21.9871
2022,2022-08-03,17.9327,17.965,18.3502,18.3833,21.8574,21.9713
2022,2022-08-04,17.9358,17.9681,18.2593,18.2922,21.8086,21.9223
2022,2022-08-05,17.935,17.9673,18.2617,18.2946,21.7615,21.875
2022,2022-08-06,,,,,,
2022,2022-08-07,,,,,,
2022,2022-08-08,17.9362,17.9685,18.3515,18.3845,21.7489,21.8623
2022,2022-08-09,17.9393,17.9716,18.285,18.3179,21.6674,21.7804
2022,2022-08-10,17.9319,17.9642,18.3329,18.3659,21.6676,21.7806
2022,2022-08-11,17.9308,17.9631,18.3411,18.3742,21.6503,21.7631
2022,2022-08-12,17.9356,17.9679,18.5263,18.5597,21.8826,21.9966
2022,2022-08-13,,,,,,
2022,2022-08-14,,,,,,
2022,2022-08-15,17.9366,17.9689,18.4687,18.502,21.776,21.8895
2022,2022-08-16,17.9411,17.9734,18.3238,18.3568,21.6511,21.764
2022,2022-08-17,17.942,17.9744,18.1958,18.2285,21.5532,21.6656
2022,2022-08-18,17.9411,17.9735,18.2487,18.2816,21.6724,21.7854
2022,2022-08-19,17.9688,18.0011,18.2694,18.3024,21.6063,21.7189
2022,2022-08-20,,,,,,
2022,2022-08-21,,,,,,
2022,2022-08-22,18.0767,18.1093,18.2093,18.2421,21.4329,21.5446
2022,2022-08-23,18.0988,18.1314,18.1184,18.151,21.3336,21.4448
2022,2022-08-24,18.1018,18.1345,17.9664,17.9988,21.258,21.3689
2022,2022-08-25,18.1176,18.1503,18.0113,18.0438,21.35,21.4613
2022,2022-08-26,18.1466,18.1793,18.138,18.1707,21.4463,21.5581
2022,2022-08-27,,,,,,
2022,2022-08-28,,,,,,
2022,2022-08-29,18.1564,18.1892,18.1354,18.1681,21.4104,21.522
2022,2022-08-30,,,,,,
2022,2022-08-31,18.1648,18.1975,18.0933,18.1259,21.1799,21.2903
2022,2022-09-01,18.1704,18.2031,18.1574,18.1901,21.1098,21.2199
2022,2022-09-02,18.1805,18.2132,18.2226,18.2554,21.0287,21.1383
2022,2022-09-03,,,,,,
2022,2022-09-04,,,,,,
2022,2022-09-05,18.2009,18.2337,18.1797,18.2125,21.0049,21.1144
2022,2022-09-06,18.205,18.2378,18.0545,18.087,20.8916,21.0006
2022,2022-09-07,18.2048,18.2376,18.1153,18.1479,21.0506,21.1603
2022,2022-09-08,18.214,18.2468,18.0378,18.0703,20.8685,20.9773
2022,2022-09-09,18.2195,18.2523,18.2218,18.2546,20.9424,21.0516
2022,2022-09-10,,,,,,
2022,2022-09-11,,,,,,
2022,2022-09-12,18.2189,18.2517,18.3622,18.3953,21.1148,21.2249
2022,2022-09-13,18.2187,18.2515,18.5041,18.5375,21.2454,21.3561
2022,2022-09-14,18.2205,18.2533,18.513,18.5463,21.3202,21.4314
2022,2022-09-15,18.2321,18.2649,18.2196,18.2525,20.9971,21.1065
2022,2022-09-16,18.2427,18.2755,18.2095,18.2423,20.9736,21.0829
2022,2022-09-17,,,,,,
2022,2022-09-18,,,,,,
2022,2022-09-19,18.2474,18.2802,18.1954,18.2281,20.7497,20.8579
2022,2022-09-20,18.2658,18.2987,18.2271,18.2599,20.7404,20.8486
2022,2022-09-21,18.2786,18.3115,18.3014,18.3344,20.8673,20.9761
2022,2022-09-22,18.2949,18.3279,18.1312,18.1638,20.7069,20.8148
2022,2022-09-23,18.3401,18.3732,18.0785,18.1111,20.6822,20.7901
2022,2022-09-24,,,,,,
2022,2022-09-25,,,,,,
2022,2022-09-26,18.3702,18.4033,17.9431,17.9755,20.4139,20.5203
2022,2022-09-27,18.4266,18.4598,17.7909,17.8229,19.7068,19.8095
2022,2022-09-28,18.4509,18.4842,17.7719,17.804,19.8833,19.9869
2022,2022-09-29,18.4862,18.5195,17.6711,17.7029,19.6738,19.7764
2022,2022-09-30,18.5038,18.5371,17.9232,17.9555,19.9995,20.1038
2022,2022-10-01,,,,,,
2022,2022-10-02,,,,,,
2022,2022-10-03,18.5187,18.5521,18.1395,18.1722,20.5816,20.6889
2022,2022-10-04,18.5397,18.5731,18.1474,18.1801,20.7316,20.8397
2022,2022-10-05,18.5447,18.5781,18.3233,18.3563,21.0376,21.1473
2022,2022-10-06,18.555,18.5885,18.4388,18.472,21.1154,21.2254
2022,2022-10-07,18.5589,18.5923,18.3543,18.3873,20.9122,21.0213
2022,2022-10-08,,,,,,
2022,2022-10-09,,,,,,
2022,2022-10-10,18.5592,18.5927,18.1795,18.2123,20.7227,20.8308
2022,2022-10-11,18.5581,18.5915,18.0048,18.0372,20.497,20.6038
2022,2022-10-12,18.5615,18.5949,18.0168,18.0493,20.4689,20.5756
2022,2022-10-13,18.5664,18.5999,18.0297,18.0622,20.4518,20.5584
2022,2022-10-14,18.5656,18.5991,18.0405,18.073,20.6407,20.7483
2022,2022-10-15,,,,,,
2022,2022-10-16,,,,,,
2022,2022-10-17,18.5596,18.593,18.093,18.1256,20.8701,20.9789
2022,2022-10-18,18.5663,18.5997,18.0897,18.1223,20.8957,21.0046
2022,2022-10-19,18.5663,18.5998,18.2696,18.3025,20.9571,21.0663
2022,2022-10-20,18.5661,18.5996,18.2157,18.2485,20.8847,20.9936
2022,2022-10-21,18.5687,18.6021,18.186,18.2187,20.7933,20.9017
2022,2022-10-22,,,,,,
2022,2022-10-23,,,,,,
2022,2022-10-24,18.5741,18.6076,18.1246,18.1573,20.6593,20.767
2022,2022-10-25,18.583,18.6165,18.2761,18.309,21.0113,21.1209
2022,2022-10-26,18.5825,18.616,18.3231,18.3561,20.9869,21.0964
2022,2022-10-27,18.5865,18.6199,18.6253,18.6589,21.4474,21.5592
2022,2022-10-28,18.588,18.6215,18.6837,18.7174,21.4873,21.5994
2022,2022-10-29,,,,,,
2022,2022-10-30,,,,,,
2022,2022-10-31,18.588,18.6215,18.6837,18.7174,21.4873,21.5994
2022,2022-11-01,18.5915,18.625,18.4742,18.5075,21.4612,21.5731
2022,2022-11-02,18.5956,18.6291,18.468,18.5012,21.4142,21.5258
2022,2022-11-03,18.5981,18.6316,18.4043,18.4375,21.356,21.4674
2022,2022-11-04,18.5972,18.6307,18.1639,18.1966,20.9659,21.0753
2022,2022-11-05,,,,,,
2022,2022-11-06,,,,,,
2022,2022-11-07,18.5936,18.6271,18.185,18.2178,20.8173,20.9258
2022,2022-11-08,18.5833,18.6168,18.5226,18.556,21.1449,21.2552
2022,2022-11-09,18.5803,18.6138,18.5744,18.6079,21.2773,21.3883
2022,2022-11-10,18.5791,18.6126,18.685,18.7187,21.3142,21.4253
2022,2022-11-11,18.5793,18.6127,18.5418,18.5752,21.1145,21.2246
2022,2022-11-12,,,,,,
2022,2022-11-13,,,,,,
2022,2022-11-14,18.5115,18.5448,18.9888,19.023,21.7017,21.8148
2022,2022-11-15,18.5819,18.6153,19.1661,19.2006,21.8593,21.9733
2022,2022-11-16,18.5864,18.6199,19.3327,19.3675,21.9675,22.082
2022,2022-11-17,18.5916,18.6251,19.3524,19.3873,22.0795,22.1946
2022,2022-11-18,18.5959,18.6294,19.2822,19.317,22.0848,22.1999
2022,2022-11-19,,,,,,
2022,2022-11-20,,,,,,
2022,2022-11-21,18.5945,18.628,19.2842,19.319,22.1153,22.2306
2022,2022-11-22,18.5979,18.6314,19.0548,19.0891,21.9328,22.0471
2022,2022-11-23,18.6033,18.6369,19.1,19.1345,22.0119,22.1267
2022,2022-11-24,18.6062,18.6397,19.2101,19.2447,22.1243,22.2396
2022,2022-11-25,18.6045,18.638,19.3736,19.4085,22.4615,22.5786
2022,2022-11-26,,,,,,
2022,2022-11-27,,,,,,
2022,2022-11-28,18.6071,18.6406,19.367,19.4019,22.4738,22.5909
2022,2022-11-29,18.6069,18.6404,19.4073,19.4423,22.4459,22.5629
2022,2022-11-30,18.614,18.6475,19.3116,19.3464,22.3285,22.4449
2022,2022-12-01,18.6194,18.653,19.2824,19.3172,22.2842,22.4004
2022,2022-12-02,18.6123,18.6458,19.4206,19.4556,22.5369,22.6543
2022,2022-12-03,,,,,,
2022,2022-12-04,,,,,,
2022,2022-12-05,18.6103,18.6438,19.6004,19.6357,22.792,22.9108
2022,2022-12-06,18.613,18.6465,19.6436,19.6789,22.8292,22.9482
2022,2022-12-07,18.6143,18.6479,19.5375,19.5727,22.6496,22.7677
2022,2022-12-08,18.6166,18.6501,19.5015,19.5366,22.5675,22.6852
2022,2022-12-09,18.6202,18.6538,19.5764,19.6117,22.6485,22.7665
2022,2022-12-10,,,,,,
2022,2022-12-11,,,,,,
2022,2022-12-12,18.6208,18.6544,19.6684,19.7039,22.7801,22.8989
2022,2022-12-13,18.6199,18.6534,19.6386,19.6739,22.7946,22.9134
2022,2022-12-14,18.6246,18.6581,19.6382,19.6736,22.8333,22.9523
2022,2022-12-15,18.6266,18.6602,19.8349,19.8706,23.0167,23.1367
2022,2022-12-16,18.6254,18.6589,19.7985,19.8341,22.9616,23.0813
2022,2022-12-17,,,,,,
2022,2022-12-18,,,,,,
2022,2022-12-19,18.6268,18.6603,19.8114,19.8471,22.6465,22.7645
2022,2022-12-20,18.6312,18.6647,19.7925,19.8282,22.6898,22.8081
2022,2022-12-21,18.6381,18.6717,19.8025,19.8382,22.6243,22.7422
2022,2022-12-22,18.6432,18.6768,19.7987,19.8344,22.6007,22.7185
2022,2022-12-23,18.6522,18.6858,19.8354,19.8711,22.5291,22.6465
2022,2022-12-24,,,,,,
2022,2022-12-25,,,,,,
2022,2022-12-26,18.6592,18.6928,19.8044,19.8401,22.4675,22.5847
2022,2022-12-27,18.6649,18.6986,19.8324,19.8681,22.4831,22.6003
2022,2022-12-28,18.6813,18.715,19.9087,19.9446,22.5142,22.6316
2022,2022-12-29,18.6964,18.7301,19.8946,19.9304,22.4804,22.5976
2022,2022-12-30,18.6966,18.7303,19.8816,19.9175,22.4663,22.5834
2022,2022-12-31,,,,,,
2023,2023-01-01,,,,,,
2023,2023-01-02,18.6983,18.732,19.9349,19.9708,22.4892,22.6065
2023,2023-01-03,18.7029,18.7366,19.9806,20.0166,22.5109,22.6283
2023,2023-01-04,18.7105,18.7442,19.7818,19.8175,22.3431,22.4596
2023,2023-01-05,18.7194,18.7531,19.8472,19.883,22.5009,22.6182
2023,2023-01-06,18.7387,18.7725,19.8886,19.9245,22.4879,22.6052
2023,2023-01-07,,,,,,
2023,2023-01-08,,,,,,
2023,2023-01-09,18.7498,18.7836,19.704,19.7395,22.2271,22.343
2023,2023-01-10,18.7538,18.7876,20.0269,20.063,22.736,22.8546
2023,2023-01-11,18.7555,18.7893,20.1386,20.1749,22.7818,22.9006
2023,2023-01-12,18.7581,18.7919,20.1528,20.1891,22.7361,22.8546
2023,2023-01-13,18.7608,18.7946,20.1858,20.2222,22.7731,22.8918
2023,2023-01-14,,,,,,
2023,2023-01-15,,,,,,
2023,2023-01-16,18.7592,18.793,20.3386,20.3752,22.8749,22.9942
2023,2023-01-17,18.7681,18.8019,20.3163,20.3529,22.8784,22.9977
2023,2023-01-18,18.7691,18.8029,20.3157,20.3523,22.8857,23.0051
2023,2023-01-19,18.7701,18.8039,20.3329,20.3695,23.1189,23.2394
2023,2023-01-20,18.7742,18.808,20.3054,20.3419,23.1229,23.2435
2023,2023-01-21,,,,,,
2023,2023-01-22,,,,,,
2023,2023-01-23,18.7771,18.811,20.3419,20.3785,23.1645,23.2853
2023,2023-01-24,18.7844,18.8183,20.4768,20.5137,23.247,23.3682
2023,2023-01-25,18.7735,18.8073,20.4142,20.4509,23.1658,23.2866
2023,2023-01-26,18.785,18.8188,20.437,20.4738,23.0914,23.2118
2023,2023-01-27,18.7853,18.8191,20.4931,20.5301,23.246,23.3671
2023,2023-01-28,,,,,,
2023,2023-01-29,,,,,,
2023,2023-01-30,18.7852,18.8191,20.4401,20.4769,23.205,23.326
2023,2023-01-31,18.7876,18.8215,20.4525,20.4894,23.2356,23.3568
2023,2023-02-01,18.7878,18.8216,20.3458,20.3824,23.1239,23.2444
